run,type,module,name,attrname,attrvalue,vectime,vecvalue
General-0-20221124-13:43:39-4463,runattr,,,configname,General,,
General-0-20221124-13:43:39-4463,runattr,,,datetime,20221124-13:43:39,,
General-0-20221124-13:43:39-4463,runattr,,,datetimef,20221124-134339,,
General-0-20221124-13:43:39-4463,runattr,,,experiment,General,,
General-0-20221124-13:43:39-4463,runattr,,,inifile,/home/alexb/Documents/Code/IDAWirelessSimulator/simulations/examples/simpleWiMEPMultiLink/simpleWiMEPMultiLink.ini,,
General-0-20221124-13:43:39-4463,runattr,,,iterationvars,"$n=3, $0=3",,
General-0-20221124-13:43:39-4463,runattr,,,iterationvarsd,n=3/3,,
General-0-20221124-13:43:39-4463,runattr,,,iterationvarsf,"n=3,3-",,
General-0-20221124-13:43:39-4463,runattr,,,measurement,"$n=3, $0=3",,
General-0-20221124-13:43:39-4463,runattr,,,network,simulations.networks.multiLink,,
General-0-20221124-13:43:39-4463,runattr,,,processid,4463,,
General-0-20221124-13:43:39-4463,runattr,,,repetition,0,,
General-0-20221124-13:43:39-4463,runattr,,,replication,#0,,
General-0-20221124-13:43:39-4463,runattr,,,resultdir,results,,
General-0-20221124-13:43:39-4463,runattr,,,runnumber,0,,
General-0-20221124-13:43:39-4463,runattr,,,seedset,0,,
General-0-20221124-13:43:39-4463,itervar,,,n,3,,
General-0-20221124-13:43:39-4463,config,,,description,Two hosts communicating wirelessly,,
General-0-20221124-13:43:39-4463,config,,,network,simulations.networks.multiLink,,
General-0-20221124-13:43:39-4463,config,,,seed-0-mt,732195,,
General-0-20221124-13:43:39-4463,config,,,sim-time-limit,9.999999s,,
General-0-20221124-13:43:39-4463,config,,,**.startTime,0s,,
General-0-20221124-13:43:39-4463,config,,,multiLink.numberReceivingNodes,3,,
General-0-20221124-13:43:39-4463,config,,,multiLink.sender.numberWriterApps,1,,
General-0-20221124-13:43:39-4463,config,,,multiLink.receivers*.numberReaderApps,1,,
General-0-20221124-13:43:39-4463,config,,,multiLink.sender.rtpsAppWriter[*].sampleSize,15000B,,
General-0-20221124-13:43:39-4463,config,,,multiLink.sender.rtpsAppWriter[*].samplePeriod,100ms,,
General-0-20221124-13:43:39-4463,config,,,multiLink.sender.rtpsAppWriter[*].jitter,0ms,,
General-0-20221124-13:43:39-4463,config,,,multiLink.sender.rtpsAppWriter[*].offset,0ms,,
General-0-20221124-13:43:39-4463,config,,,multiLink.**.rtps.nbrApps,1,,
General-0-20221124-13:43:39-4463,config,,,multiLink.**.rtps.nbrReadersPerApp,3,,
General-0-20221124-13:43:39-4463,config,,,multiLink.sender.rtps.writer[0].typename,WriterWiMEP,,
General-0-20221124-13:43:39-4463,config,,,multiLink.sender.rtps.writer[0].numberReaders,3,,
General-0-20221124-13:43:39-4463,config,,,multiLink.sender.rtps.writer[0].fragmentSize,1000,,
General-0-20221124-13:43:39-4463,config,,,multiLink.sender.rtps.writer[0].shaping,2000us,,
General-0-20221124-13:43:39-4463,config,,,multiLink.sender.rtps.writer[0].deadline,100ms,,
General-0-20221124-13:43:39-4463,config,,,multiLink.sender.rtps.writer[0].timeout,5000us,,
General-0-20221124-13:43:39-4463,config,,,multiLink.receivers[*].rtps.reader[0].typename,ReaderWiMEP,,
General-0-20221124-13:43:39-4463,config,,,multiLink.receivers[*].rtps.reader[0].deadline,100ms,,
General-0-20221124-13:43:39-4463,config,,,multiLink.receivers[0].rtps.reader[0].priority,1,,
General-0-20221124-13:43:39-4463,config,,,multiLink.receivers[1].rtps.reader[0].priority,2,,
General-0-20221124-13:43:39-4463,config,,,multiLink.receivers[2].rtps.reader[0].priority,3,,
General-0-20221124-13:43:39-4463,config,,,*.sender.rtps.writer[0].destAddresses,"""224.0.0.1""",,
General-0-20221124-13:43:39-4463,config,,,*.sender.rtps.writer[0].appID,0,,
General-0-20221124-13:43:39-4463,config,,,*.sender.rtps.inetAdapter.interfaceTableModule,"""^.^.interfaceTable""",,
General-0-20221124-13:43:39-4463,config,,,*.sender.rtps.inetAdapter.localPort,200,,
General-0-20221124-13:43:39-4463,config,,,*.sender.rtps.inetAdapter.destPort,100,,
General-0-20221124-13:43:39-4463,config,,,*.receivers[*].rtps.reader[0].destAddresses,"""sender""",,
General-0-20221124-13:43:39-4463,config,,,*.receivers[*].rtps.reader[0].appID,0,,
General-0-20221124-13:43:39-4463,config,,,*.receivers[*].rtps.inetAdapter.interfaceTableModule,"""^.^.interfaceTable""",,
General-0-20221124-13:43:39-4463,config,,,*.receivers[*].rtps.inetAdapter.localPort,100,,
General-0-20221124-13:43:39-4463,config,,,*.receivers[*].rtps.inetAdapter.destPort,200,,
General-0-20221124-13:43:39-4463,config,,,*.*.rtps.inetAdapter.joinLocalMulticastGroups,true,,
General-0-20221124-13:43:39-4463,config,,,*.**.ipv4.arp.typename,GlobalArp,,
General-0-20221124-13:43:39-4463,config,,,*.**.forwarding,true,,
General-0-20221124-13:43:39-4463,config,,,multiLink.**.wlan[0].typename,WirelessInterface,,
General-0-20221124-13:43:39-4463,config,,,multiLink.**.wlan[0].mac.typename,CsmaCaMacModified,,
General-0-20221124-13:43:39-4463,config,,,multiLink.**.wlan[0].queue.typename,DropTailQueue,,
General-0-20221124-13:43:39-4463,config,,,multiLink.**.wlan[0].queue.packetCapacity,100,,
General-0-20221124-13:43:39-4463,config,,,multiLink.**.wlan[0].mac.bitErrorRate,0.00004,,
General-0-20221124-13:43:39-4463,config,,,multiLink.**.wlan[0].mac.dependentSignalPaths,false,,
General-0-20221124-13:43:39-4463,config,,,*.**.wlan[0].mac.useAck,false,,
General-0-20221124-13:43:39-4463,config,,,*.**.wlan[*].mac.retryLimit,0,,
General-0-20221124-13:43:39-4463,config,,,multiLink.**.wlan[0].mac.sifsTime,14us,,
General-0-20221124-13:43:39-4463,config,,,multiLink.**.wlan[0].mac.slotTime,9us,,
General-0-20221124-13:43:39-4463,config,,,multiLink.**.wlan[0].mac.ta,222,,
General-0-20221124-13:43:39-4463,config,,,multiLink.**.wlan[0].mac.ta_enable,true,,
General-0-20221124-13:43:39-4463,config,,,multiLink.**.wlan[0].**.bitrate,27Mbps,,
General-0-20221124-13:43:39-4463,config,,,*.**.wlan[0].radio.typename,UnitDiskRadio,,
General-0-20221124-13:43:39-4463,config,,,*.**.wlan[0].radio.transmitter.communicationRange,1000m,,
General-0-20221124-13:43:39-4463,config,,,*.**.wlan[0].radio.receiver.ignoreInterference,true,,
General-0-20221124-13:43:39-4463,config,,,*.**.wlan[0].radio.transmitter.interferenceRange,1000m,,
General-0-20221124-13:43:39-4463,config,,,*.**.wlan[0].radio.displayInterferenceRange,false,,
General-0-20221124-13:43:39-4463,config,,,*.**.wlan[0].radio.displayCommunicationRange,false,,
General-0-20221124-13:43:39-4463,config,,,*.**.wlan[*].**.scalar-recording,false,,
General-0-20221124-13:43:39-4463,config,,,*.**.wlan[*].**.vector-recording,false,,
General-0-20221124-13:43:39-4463,config,,,*.**.udp.**.scalar-recording,false,,
General-0-20221124-13:43:39-4463,config,,,*.**.udp.**.vector-recording,false,,
General-0-20221124-13:43:39-4463,config,,,*.**.ipv4.**.statistic-recording,false,,
General-0-20221124-13:43:39-4463,config,,,*.visualizer.mediumVisualizer.displaySignals,false,,
General-0-20221124-13:43:39-4463,config,,,*.visualizer.physicalLinkVisualizer.displayLinks,true,,
General-0-20221124-13:43:39-4463,config,,,*.visualizer.physicalLinkVisualizer.packetFilter,"""UDPData*""",,
General-0-20221124-13:43:39-4463,config,,,*.visualizer.*LinkVisualizer.lineShift,0,,
General-0-20221124-13:43:39-4463,config,,,*.visualizer.dataLinkVisualizer.packetFilter,"""""",,
General-0-20221124-13:43:39-4463,config,,,*.visualizer.dataLinkVisualizer.displayLinks,true,,
General-0-20221124-13:43:39-4463,config,,,*.visualizer.networkRouteVisualizer.displayRoutes,true,,
General-0-20221124-13:43:39-4463,config,,,*.visualizer.networkRouteVisualizer.lineShift,0,,
General-0-20221124-13:43:39-4463,config,,,*.visualizer.networkRouteVisualizer.packetFilter,"""UDPData*""",,
General-0-20221124-13:43:39-4463,config,,,*.visualizer.sceneVisualizer.descriptionFigure,"""title""",,
General-0-20221124-13:43:39-4463,config,,,*.configurator.config,"xmldoc(""config.xml"")",,
General-0-20221124-13:43:39-4463,config,,,*.configurator.optimizeRoutes,false,,
General-0-20221124-13:43:39-4463,vector,multiLink.sender.lo[0].lo,rcvdPkFromHl:vector(packetBytes),,,"0 0.002 0.004 0.006 0.008 0.01 0.012 0.014 0.016 0.018 0.02 0.022 0.024 0.026 0.028 0.03 0.032 0.034 0.036 0.038 0.04 0.042 0.044 0.05 0.052 0.054 0.056 0.058 0.062 0.068 0.074 0.1 0.102 0.104 0.106 0.108 0.11 0.112 0.114 0.116 0.118 0.12 0.122 0.124 0.126 0.128 0.13 0.132 0.134 0.136 0.138 0.14 0.142 0.144 0.146 0.148 0.15 0.152 0.156 0.158 0.162 0.164 0.2 0.202 0.204 0.206 0.208 0.21 0.212 0.214 0.216 0.218 0.22 0.222 0.224 0.226 0.228 0.23 0.232 0.234 0.236 0.238 0.244 0.246 0.25 0.256 0.262 0.264 0.268 0.272 0.278 0.284 0.286 0.288 0.29 0.296 0.3 0.302 0.304 0.306 0.308 0.31 0.312 0.314 0.316 0.318 0.32 0.322 0.324 0.326 0.328 0.33 0.332 0.334 0.336 0.338 0.34 0.344 0.346 0.35 0.352 0.356 0.36 0.362 0.364 0.366 0.368 0.374 0.38 0.382 0.384 0.386 0.392 0.394 0.396 0.398 0.4 0.402 0.404 0.406 0.408 0.41 0.412 0.414 0.416 0.418 0.42 0.422 0.424 0.426 0.428 0.43 0.432 0.434 0.436 0.438 0.44 0.442 0.444 0.446 0.448 0.45 0.452 0.456 0.458 0.46 0.464 0.468 0.47 0.476 0.478 0.482 0.488 0.494 0.5 0.502 0.504 0.506 0.508 0.51 0.512 0.514 0.516 0.518 0.52 0.522 0.524 0.526 0.528 0.53 0.532 0.534 0.536 0.538 0.54 0.542 0.544 0.546 0.548 0.552 0.554 0.556 0.558 0.56 0.566 0.568 0.572 0.578 0.584 0.59 0.596 0.598 0.6 0.602 0.604 0.606 0.608 0.61 0.612 0.614 0.616 0.618 0.62 0.622 0.624 0.626 0.628 0.63 0.632 0.634 0.636 0.638 0.64 0.642 0.644 0.646 0.648 0.65 0.654 0.656 0.662 0.668 0.67 0.672 0.674 0.676 0.678 0.68 0.686 0.692 0.696 0.698 0.7 0.702 0.704 0.706 0.708 0.71 0.712 0.714 0.716 0.718 0.72 0.722 0.724 0.726 0.728 0.73 0.732 0.734 0.736 0.738 0.74 0.744 0.75 0.756 0.762 0.768 0.774 0.78 0.782 0.786 0.792 0.794 0.798 0.8 0.802 0.804 0.806 0.808 0.81 0.812 0.814 0.816 0.818 0.82 0.822 0.824 0.826 0.828 0.83 0.832 0.834 0.836 0.838 0.84 0.846 0.848 0.852 0.854 0.858 0.86 0.864 0.866 0.87 0.872 0.876 0.882 0.884 0.888 0.894 0.9 0.902 0.904 0.906 0.908 0.91 0.912 0.914 0.916 0.918 0.92 0.922 0.924 0.926 0.928 0.93 0.932 0.934 0.936 0.938 0.94 0.942 0.944 0.946 0.952 0.954 0.956 0.958 0.964 0.966 0.97 0.976 0.98 0.982 0.988 0.994 1 1.002 1.004 1.006 1.008 1.01 1.012 1.014 1.016 1.018 1.02 1.022 1.024 1.026 1.028 1.03 1.032 1.034 1.036 1.038 1.04 1.042 1.048 1.052 1.054 1.056 1.06 1.066 1.072 1.078 1.084 1.09 1.096 1.1 1.102 1.104 1.106 1.108 1.11 1.112 1.114 1.116 1.118 1.12 1.122 1.124 1.126 1.128 1.13 1.132 1.134 1.14 1.142 1.144 1.146 1.152 1.154 1.158 1.164 1.17 1.174 1.176 1.2 1.202 1.204 1.206 1.208 1.21 1.212 1.214 1.216 1.218 1.22 1.222 1.224 1.226 1.228 1.23 1.232 1.234 1.236 1.238 1.24 1.242 1.244 1.248 1.254 1.256 1.26 1.262 1.266 1.268 1.274 1.28 1.286 1.288 1.292 1.3 1.302 1.304 1.306 1.308 1.31 1.312 1.314 1.316 1.318 1.32 1.322 1.324 1.326 1.328 1.33 1.332 1.334 1.336 1.342 1.346 1.348 1.35 1.352 1.354 1.356 1.36 1.362 1.366 1.372 1.376 1.382 1.388 1.394 1.4 1.402 1.404 1.406 1.408 1.41 1.412 1.414 1.416 1.418 1.42 1.422 1.424 1.426 1.428 1.43 1.432 1.434 1.436 1.438 1.44 1.442 1.446 1.448 1.454 1.458 1.46 1.462 1.464 1.466 1.468 1.472 1.474 1.48 1.486 1.492 1.498 1.5 1.502 1.504 1.506 1.508 1.51 1.512 1.514 1.516 1.518 1.52 1.522 1.524 1.526 1.528 1.53 1.532 1.534 1.536 1.538 1.54 1.542 1.544 1.546 1.548 1.55 1.552 1.556 1.558 1.56 1.562 1.564 1.568 1.57 1.572 1.574 1.6 1.602 1.604 1.606 1.608 1.61 1.612 1.614 1.616 1.618 1.62 1.622 1.624 1.626 1.628 1.63 1.632 1.634 1.64 1.642 1.646 1.648 1.652 1.658 1.664 1.668 1.67 1.7 1.702 1.704 1.706 1.708 1.71 1.712 1.714 1.716 1.718 1.72 1.722 1.724 1.726 1.728 1.73 1.732 1.734 1.736 1.738 1.74 1.742 1.744 1.746 1.748 1.75 1.752 1.754 1.756 1.758 1.762 1.764 1.77 1.776 1.778 1.782 1.788 1.794 1.798 1.8 1.802 1.804 1.806 1.808 1.81 1.812 1.814 1.816 1.818 1.82 1.822 1.824 1.826 1.828 1.83 1.832 1.834 1.836 1.838 1.84 1.846 1.848 1.85 1.854 1.86 1.862 1.864 1.866 1.868 1.874 1.88 1.882 1.884 1.9 1.902 1.904 1.906 1.908 1.91 1.912 1.914 1.916 1.918 1.92 1.922 1.924 1.926 1.928 1.93 1.932 1.934 1.936 1.938 1.942 1.944 1.948 1.95 1.954 1.96 1.966 1.968 1.97 1.972 1.974 1.976 1.978 1.984 1.988 1.99 1.994 1.996 2 2.002 2.004 2.006 2.008 2.01 2.012 2.014 2.016 2.018 2.02 2.022 2.024 2.026 2.028 2.03 2.032 2.034 2.036 2.038 2.04 2.042 2.046 2.048 2.05 2.054 2.056 2.058 2.06 2.1 2.102 2.104 2.106 2.108 2.11 2.112 2.114 2.116 2.118 2.12 2.122 2.124 2.126 2.128 2.13 2.132 2.134 2.136 2.138 2.142 2.144 2.146 2.148 2.15 2.152 2.156 2.16 2.162 2.168 2.17 2.174 2.18 2.186 2.19 2.2 2.202 2.204 2.206 2.208 2.21 2.212 2.214 2.216 2.218 2.22 2.222 2.224 2.226 2.228 2.23 2.232 2.234 2.236 2.238 2.24 2.242 2.244 2.248 2.252 2.254 2.26 2.266 2.272 2.278 2.282 2.284 2.29 2.296 2.3 2.302 2.304 2.306 2.308 2.31 2.312 2.314 2.316 2.318 2.32 2.322 2.324 2.326 2.328 2.33 2.332 2.334 2.336 2.338 2.34 2.342 2.344 2.346 2.348 2.352 2.354 2.358 2.36 2.362 2.364 2.366 2.372 2.374 2.376 2.378 2.384 2.39 2.396 2.4 2.402 2.404 2.406 2.408 2.41 2.412 2.414 2.416 2.418 2.42 2.422 2.424 2.426 2.428 2.43 2.432 2.434 2.436 2.438 2.442 2.448 2.45 2.454 2.456 2.458 2.46 2.466 2.472 2.478 2.484 2.488 2.49 2.5 2.502 2.504 2.506 2.508 2.51 2.512 2.514 2.516 2.518 2.52 2.522 2.524 2.526 2.528 2.53 2.532 2.534 2.536 2.538 2.542 2.544 2.546 2.548 2.554 2.556 2.558 2.56 2.564 2.6 2.602 2.604 2.606 2.608 2.61 2.612 2.614 2.616 2.618 2.62 2.622 2.624 2.626 2.628 2.63 2.632 2.634 2.636 2.638 2.64 2.642 2.644 2.648 2.654 2.66 2.666 2.672 2.7 2.702 2.704 2.706 2.708 2.71 2.712 2.714 2.716 2.718 2.72 2.722 2.724 2.726 2.728 2.73 2.732 2.734 2.736 2.738 2.74 2.742 2.744 2.746 2.748 2.75 2.752 2.754 2.756 2.758 2.76 2.764 2.766 2.772 2.778 2.78 2.784 2.79 2.792 2.796 2.8 2.802 2.804 2.806 2.808 2.81 2.812 2.814 2.816 2.818 2.82 2.822 2.824 2.826 2.828 2.83 2.832 2.834 2.836 2.838 2.84 2.842 2.844 2.846 2.848 2.85 2.852 2.856 2.858 2.86 2.862 2.864 2.866 2.87 2.876 2.882 2.9 2.902 2.904 2.906 2.908 2.91 2.912 2.914 2.916 2.918 2.92 2.922 2.924 2.926 2.928 2.93 2.932 2.934 2.936 2.938 2.94 2.942 2.944 2.946 2.948 2.95 2.952 2.954 2.956 2.958 2.962 2.968 2.974 2.98 2.986 2.992 2.998 3 3.002 3.004 3.006 3.008 3.01 3.012 3.014 3.016 3.018 3.02 3.022 3.024 3.026 3.028 3.03 3.032 3.034 3.036 3.042 3.044 3.048 3.054 3.056 3.058 3.06 3.064 3.07 3.076 3.08 3.082 3.088 3.094 3.098 3.1 3.102 3.104 3.106 3.108 3.11 3.112 3.114 3.116 3.118 3.12 3.122 3.124 3.126 3.128 3.13 3.132 3.134 3.136 3.14 3.142 3.144 3.146 3.148 3.15 3.152 3.158 3.16 3.162 3.164 3.168 3.17 3.174 3.176 3.2 3.202 3.204 3.206 3.208 3.21 3.212 3.214 3.216 3.218 3.22 3.222 3.224 3.226 3.228 3.23 3.232 3.234 3.236 3.238 3.24 3.242 3.244 3.246 3.248 3.25 3.252 3.254 3.256 3.258 3.26 3.262 3.264 3.268 3.3 3.302 3.304 3.306 3.308 3.31 3.312 3.314 3.316 3.318 3.32 3.322 3.324 3.326 3.328 3.33 3.332 3.334 3.336 3.338 3.34 3.344 3.346 3.348 3.35 3.352 3.354 3.358 3.364 3.37 3.376 3.382 3.388 3.4 3.402 3.404 3.406 3.408 3.41 3.412 3.414 3.416 3.418 3.42 3.422 3.424 3.426 3.428 3.43 3.434 3.436 3.44 3.446 3.448 3.45 3.452 3.454 3.458 3.46 3.462 3.464 3.466 3.47 3.476 3.482 3.486 3.488 3.5 3.502 3.504 3.506 3.508 3.51 3.512 3.514 3.516 3.518 3.52 3.522 3.524 3.526 3.528 3.53 3.532 3.534 3.536 3.542 3.546 3.548 3.55 3.552 3.554 3.558 3.56 3.562 3.564 3.566 3.57 3.576 3.582 3.588 3.59 3.594 3.6 3.602 3.604 3.606 3.608 3.61 3.612 3.614 3.616 3.618 3.62 3.622 3.624 3.626 3.628 3.63 3.632 3.634 3.636 3.638 3.64 3.642 3.644 3.646 3.648 3.654 3.656 3.658 3.662 3.664 3.666 3.668 3.674 3.68 3.684 3.686 3.688 3.69 3.692 3.696 3.698 3.7 3.702 3.704 3.706 3.708 3.71 3.712 3.714 3.716 3.718 3.72 3.722 3.724 3.726 3.728 3.73 3.732 3.734 3.736 3.738 3.74 3.742 3.746 3.748 3.752 3.754 3.756 3.76 3.766 3.772 3.778 3.8 3.802 3.804 3.806 3.808 3.81 3.812 3.814 3.816 3.818 3.82 3.822 3.824 3.826 3.828 3.83 3.832 3.834 3.836 3.838 3.84 3.842 3.844 3.846 3.848 3.85 3.854 3.856 3.858 3.86 3.9 3.902 3.904 3.906 3.908 3.91 3.912 3.914 3.916 3.918 3.92 3.922 3.924 3.926 3.928 3.93 3.932 3.934 3.94 3.942 3.944 3.948 3.95 3.952 3.958 3.962 3.964 3.966 4 4.002 4.004 4.006 4.008 4.01 4.012 4.014 4.016 4.018 4.02 4.022 4.024 4.026 4.028 4.03 4.032 4.034 4.036 4.038 4.042 4.044 4.046 4.048 4.054 4.056 4.062 4.064 4.068 4.07 4.074 4.078 4.08 4.086 4.1 4.102 4.104 4.106 4.108 4.11 4.112 4.114 4.116 4.118 4.12 4.122 4.124 4.126 4.128 4.13 4.132 4.136 4.142 4.144 4.146 4.148 4.15 4.152 4.154 4.156 4.158 4.16 4.162 4.166 4.2 4.202 4.204 4.206 4.208 4.21 4.212 4.214 4.216 4.218 4.22 4.222 4.224 4.226 4.228 4.23 4.232 4.234 4.236 4.238 4.242 4.244 4.248 4.25 4.254 4.256 4.262 4.268 4.272 4.274 4.276 4.282 4.3 4.302 4.304 4.306 4.308 4.31 4.312 4.314 4.316 4.318 4.32 4.322 4.324 4.326 4.328 4.33 4.332 4.334 4.336 4.338 4.34 4.342 4.344 4.346 4.348 4.35 4.356 4.362 4.364 4.368 4.374 4.38 4.384 4.386 4.4 4.402 4.404 4.406 4.408 4.41 4.412 4.414 4.416 4.418 4.42 4.422 4.424 4.426 4.428 4.43 4.432 4.434 4.436 4.438 4.444 4.448 4.45 4.454 4.46 4.462 4.466 4.472 4.474 4.476 4.478 4.484 4.486 4.488 4.49 4.496 4.5 4.502 4.504 4.506 4.508 4.51 4.512 4.514 4.516 4.518 4.52 4.522 4.524 4.526 4.528 4.53 4.536 4.538 4.54 4.544 4.55 4.554 4.556 4.56 4.562 4.568 4.572 4.574 4.58 4.584 4.586 4.588 4.592 4.598 4.6 4.602 4.604 4.606 4.608 4.61 4.612 4.614 4.616 4.618 4.62 4.622 4.624 4.626 4.628 4.63 4.632 4.634 4.636 4.64 4.642 4.646 4.652 4.654 4.656 4.658 4.664 4.666 4.668 4.67 4.672 4.676 4.682 4.688 4.694 4.7 4.702 4.704 4.706 4.708 4.71 4.712 4.714 4.716 4.718 4.72 4.722 4.724 4.726 4.728 4.73 4.732 4.734 4.736 4.738 4.74 4.746 4.748 4.75 4.752 4.754 4.756 4.76 4.766 4.772 4.778 4.78 4.782 4.784 4.79 4.796 4.8 4.802 4.804 4.806 4.808 4.81 4.812 4.814 4.816 4.818 4.82 4.822 4.824 4.826 4.828 4.83 4.834 4.836 4.838 4.844 4.85 4.852 4.854 4.856 4.858 4.862 4.864 4.87 4.872 4.876 4.882 4.884 4.888 4.89 4.894 4.9 4.902 4.904 4.906 4.908 4.91 4.912 4.914 4.916 4.918 4.92 4.922 4.924 4.926 4.928 4.93 4.932 4.934 4.936 4.938 4.94 4.942 4.948 4.95 4.952 4.954 4.956 4.96 4.962 4.966 4.972 4.978 4.984 4.99 4.996 5 5.002 5.004 5.006 5.008 5.01 5.012 5.014 5.016 5.018 5.02 5.022 5.024 5.026 5.028 5.03 5.032 5.034 5.036 5.038 5.04 5.042 5.044 5.046 5.05 5.056 5.058 5.06 5.062 5.064 5.066 5.068 5.07 5.074 5.078 5.084 5.1 5.102 5.104 5.106 5.108 5.11 5.112 5.114 5.116 5.118 5.12 5.122 5.124 5.126 5.128 5.13 5.132 5.134 5.136 5.138 5.14 5.142 5.144 5.146 5.148 5.15 5.154 5.156 5.162 5.168 5.172 5.174 5.18 5.182 5.188 5.194 5.2 5.202 5.204 5.206 5.208 5.21 5.212 5.214 5.216 5.218 5.22 5.222 5.224 5.226 5.228 5.23 5.232 5.234 5.236 5.238 5.24 5.242 5.244 5.246 5.248 5.25 5.254 5.256 5.26 5.262 5.268 5.274 5.276 5.278 5.284 5.29 5.3 5.302 5.304 5.306 5.308 5.31 5.312 5.314 5.316 5.318 5.32 5.322 5.324 5.326 5.328 5.33 5.332 5.334 5.336 5.338 5.34 5.342 5.344 5.346 5.348 5.35 5.352 5.354 5.356 5.36 5.366 5.372 5.378 5.384 5.388 5.4 5.402 5.404 5.406 5.408 5.41 5.412 5.414 5.416 5.418 5.42 5.422 5.424 5.426 5.428 5.43 5.432 5.434 5.436 5.438 5.44 5.442 5.444 5.446 5.452 5.454 5.456 5.458 5.46 5.464 5.47 5.472 5.474 5.476 5.48 5.482 5.5 5.502 5.504 5.506 5.508 5.51 5.512 5.514 5.516 5.518 5.52 5.522 5.524 5.526 5.528 5.53 5.532 5.534 5.536 5.538 5.54 5.542 5.544 5.55 5.556 5.558 5.562 5.564 5.568 5.574 5.58 5.586 5.588 5.592 5.598 5.6 5.602 5.604 5.606 5.608 5.61 5.612 5.614 5.616 5.618 5.62 5.622 5.624 5.626 5.628 5.63 5.632 5.634 5.636 5.64 5.642 5.644 5.646 5.652 5.654 5.656 5.658 5.66 5.664 5.666 5.67 5.674 5.676 5.678 5.682 5.684 5.69 5.696 5.7 5.702 5.704 5.706 5.708 5.71 5.712 5.714 5.716 5.718 5.72 5.722 5.724 5.726 5.728 5.73 5.732 5.734 5.736 5.738 5.74 5.742 5.744 5.746 5.748 5.75 5.752 5.758 5.762 5.764 5.77 5.772 5.8 5.802 5.804 5.806 5.808 5.81 5.812 5.814 5.816 5.818 5.82 5.822 5.824 5.826 5.828 5.83 5.832 5.834 5.836 5.838 5.84 5.842 5.844 5.846 5.848 5.854 5.856 5.858 5.864 5.866 5.87 5.876 5.88 5.882 5.888 5.894 5.9 5.902 5.904 5.906 5.908 5.91 5.912 5.914 5.916 5.918 5.92 5.922 5.924 5.926 5.928 5.93 5.932 5.934 5.936 5.938 5.94 5.942 5.948 5.954 5.96 5.964 5.966 5.968 5.972 5.978 5.984 5.988 5.99 5.992 5.996 6 6.002 6.004 6.006 6.008 6.01 6.012 6.014 6.016 6.018 6.02 6.022 6.024 6.026 6.028 6.03 6.032 6.034 6.036 6.038 6.04 6.044 6.046 6.052 6.054 6.058 6.064 6.07 6.072 6.076 6.08 6.082 6.086 6.09 6.096 6.1 6.102 6.104 6.106 6.108 6.11 6.112 6.114 6.116 6.118 6.12 6.122 6.124 6.126 6.128 6.13 6.132 6.138 6.14 6.144 6.15 6.156 6.158 6.16 6.162 6.166 6.168 6.17 6.174 6.18 6.186 6.192 6.198 6.2 6.202 6.204 6.206 6.208 6.21 6.212 6.214 6.216 6.218 6.22 6.222 6.224 6.226 6.228 6.23 6.232 6.234 6.236 6.238 6.24 6.242 6.244 6.246 6.248 6.254 6.26 6.262 6.268 6.274 6.28 6.286 6.288 6.292 6.294 6.298 6.3 6.302 6.304 6.306 6.308 6.31 6.312 6.314 6.316 6.318 6.32 6.322 6.324 6.326 6.328 6.33 6.332 6.334 6.338 6.34 6.342 6.348 6.354 6.356 6.358 6.36 6.366 6.37 6.372 6.376 6.378 6.382 6.384 6.388 6.39 6.396 6.4 6.402 6.404 6.406 6.408 6.41 6.412 6.414 6.416 6.418 6.42 6.422 6.424 6.426 6.428 6.43 6.432 6.436 6.438 6.44 6.442 6.444 6.446 6.448 6.45 6.452 6.456 6.458 6.46 6.464 6.47 6.476 6.5 6.502 6.504 6.506 6.508 6.51 6.512 6.514 6.516 6.518 6.52 6.522 6.524 6.526 6.528 6.53 6.532 6.534 6.536 6.538 6.544 6.546 6.55 6.556 6.558 6.56 6.566 6.572 6.578 6.584 6.6 6.602 6.604 6.606 6.608 6.61 6.612 6.614 6.616 6.618 6.62 6.622 6.624 6.626 6.628 6.63 6.632 6.634 6.636 6.638 6.64 6.642 6.644 6.646 6.648 6.65 6.652 6.656 6.662 6.668 6.674 6.68 6.684 6.686 6.692 6.698 6.7 6.702 6.704 6.706 6.708 6.71 6.712 6.714 6.716 6.718 6.72 6.722 6.724 6.726 6.728 6.73 6.732 6.736 6.738 6.742 6.744 6.748 6.754 6.758 6.76 6.766 6.772 6.778 6.784 6.79 6.796 6.8 6.802 6.804 6.806 6.808 6.81 6.812 6.814 6.816 6.818 6.82 6.822 6.824 6.826 6.828 6.83 6.832 6.834 6.838 6.84 6.842 6.844 6.846 6.848 6.85 6.854 6.86 6.866 6.872 6.876 6.878 6.884 6.89 6.896 6.9 6.902 6.904 6.906 6.908 6.91 6.912 6.914 6.916 6.918 6.92 6.922 6.924 6.926 6.928 6.93 6.932 6.934 6.936 6.938 6.942 6.946 6.948 6.95 6.952 6.954 6.956 6.96 6.964 6.966 6.968 6.97 6.972 6.976 6.978 6.982 6.984 6.988 6.99 6.994 6.996 7 7.002 7.004 7.006 7.008 7.01 7.012 7.014 7.016 7.018 7.02 7.022 7.024 7.026 7.028 7.03 7.032 7.034 7.036 7.042 7.046 7.048 7.054 7.058 7.06 7.062 7.064 7.066 7.1 7.102 7.104 7.106 7.108 7.11 7.112 7.114 7.116 7.118 7.12 7.122 7.124 7.126 7.128 7.13 7.132 7.134 7.136 7.138 7.142 7.148 7.15 7.154 7.156 7.158 7.16 7.166 7.172 7.178 7.184 7.19 7.196 7.2 7.202 7.204 7.206 7.208 7.21 7.212 7.214 7.216 7.218 7.22 7.222 7.224 7.226 7.228 7.23 7.232 7.234 7.236 7.24 7.244 7.246 7.248 7.25 7.252 7.258 7.262 7.264 7.27 7.274 7.276 7.282 7.288 7.294 7.298 7.3 7.302 7.304 7.306 7.308 7.31 7.312 7.314 7.316 7.318 7.32 7.322 7.324 7.326 7.328 7.33 7.332 7.334 7.336 7.34 7.342 7.346 7.352 7.354 7.356 7.358 7.36 7.364 7.37 7.372 7.374 7.376 7.4 7.402 7.404 7.406 7.408 7.41 7.412 7.414 7.416 7.418 7.42 7.422 7.424 7.426 7.428 7.43 7.432 7.434 7.436 7.44 7.444 7.446 7.45 7.452 7.456 7.5 7.502 7.504 7.506 7.508 7.51 7.512 7.514 7.516 7.518 7.52 7.522 7.524 7.526 7.528 7.53 7.532 7.534 7.536 7.538 7.54 7.542 7.544 7.55 7.554 7.556 7.562 7.568 7.574 7.58 7.586 7.592 7.598 7.6 7.602 7.604 7.606 7.608 7.61 7.612 7.614 7.616 7.618 7.62 7.622 7.624 7.626 7.628 7.63 7.632 7.634 7.636 7.638 7.64 7.642 7.644 7.646 7.648 7.65 7.652 7.658 7.66 7.664 7.666 7.672 7.674 7.678 7.684 7.686 7.688 7.69 7.692 7.696 7.7 7.702 7.704 7.706 7.708 7.71 7.712 7.714 7.716 7.718 7.72 7.722 7.724 7.726 7.728 7.73 7.732 7.738 7.74 7.742 7.746 7.748 7.754 7.756 7.758 7.762 7.764 7.768 7.772 7.778 7.784 7.79 7.796 7.8 7.802 7.804 7.806 7.808 7.81 7.812 7.814 7.816 7.818 7.82 7.822 7.824 7.826 7.828 7.83 7.832 7.834 7.836 7.838 7.84 7.842 7.844 7.846 7.848 7.85 7.854 7.856 7.86 7.862 7.864 7.866 7.87 7.872 7.876 7.9 7.902 7.904 7.906 7.908 7.91 7.912 7.914 7.916 7.918 7.92 7.922 7.924 7.926 7.928 7.93 7.932 7.934 7.938 7.94 7.942 7.944 7.946 7.95 7.956 7.958 7.96 7.962 7.968 7.97 7.974 7.976 7.978 7.98 7.982 7.986 7.992 7.998 8 8.002 8.004 8.006 8.008 8.01 8.012 8.014 8.016 8.018 8.02 8.022 8.024 8.026 8.028 8.03 8.032 8.038 8.042 8.044 8.05 8.054 8.056 8.058 8.06 8.062 8.064 8.066 8.068 8.072 8.074 8.08 8.086 8.092 8.098 8.1 8.102 8.104 8.106 8.108 8.11 8.112 8.114 8.116 8.118 8.12 8.122 8.124 8.126 8.128 8.13 8.132 8.134 8.136 8.138 8.14 8.142 8.146 8.152 8.156 8.158 8.162 8.164 8.168 8.174 8.18 8.182 8.186 8.192 8.2 8.202 8.204 8.206 8.208 8.21 8.212 8.214 8.216 8.218 8.22 8.222 8.224 8.226 8.228 8.23 8.232 8.234 8.236 8.238 8.24 8.242 8.244 8.246 8.248 8.25 8.252 8.254 8.258 8.26 8.264 8.268 8.27 8.276 8.282 8.288 8.294 8.296 8.3 8.302 8.304 8.306 8.308 8.31 8.312 8.314 8.316 8.318 8.32 8.322 8.324 8.326 8.328 8.33 8.332 8.334 8.336 8.338 8.34 8.342 8.344 8.35 8.352 8.358 8.36 8.364 8.366 8.37 8.372 8.376 8.378 8.382 8.384 8.39 8.396 8.4 8.402 8.404 8.406 8.408 8.41 8.412 8.414 8.416 8.418 8.42 8.422 8.424 8.426 8.428 8.43 8.432 8.434 8.436 8.438 8.44 8.442 8.444 8.446 8.448 8.45 8.452 8.454 8.456 8.462 8.466 8.468 8.47 8.476 8.478 8.482 8.5 8.502 8.504 8.506 8.508 8.51 8.512 8.514 8.516 8.518 8.52 8.522 8.524 8.526 8.528 8.53 8.532 8.534 8.536 8.538 8.544 8.546 8.548 8.55 8.554 8.56 8.566 8.572 8.574 8.578 8.582 8.584 8.6 8.602 8.604 8.606 8.608 8.61 8.612 8.614 8.616 8.618 8.62 8.622 8.624 8.626 8.628 8.63 8.632 8.634 8.636 8.638 8.64 8.642 8.644 8.646 8.648 8.65 8.652 8.654 8.7 8.702 8.704 8.706 8.708 8.71 8.712 8.714 8.716 8.718 8.72 8.722 8.724 8.726 8.728 8.73 8.732 8.736 8.742 8.748 8.754 8.76 8.762 8.764 8.766 8.768 8.772 8.778 8.782 8.784 8.79 8.796 8.798 8.8 8.802 8.804 8.806 8.808 8.81 8.812 8.814 8.816 8.818 8.82 8.822 8.824 8.826 8.828 8.83 8.832 8.836 8.838 8.84 8.842 8.844 8.846 8.848 8.85 8.854 8.86 8.9 8.902 8.904 8.906 8.908 8.91 8.912 8.914 8.916 8.918 8.92 8.922 8.924 8.926 8.928 8.93 8.932 8.934 8.94 8.942 8.944 8.946 8.948 8.95 8.952 8.956 8.962 8.968 8.974 8.98 8.982 8.986 8.988 8.99 8.994 9 9.002 9.004 9.006 9.008 9.01 9.012 9.014 9.016 9.018 9.02 9.022 9.024 9.026 9.028 9.03 9.032 9.034 9.036 9.038 9.04 9.042 9.044 9.046 9.048 9.05 9.052 9.054 9.056 9.062 9.064 9.068 9.074 9.08 9.086 9.1 9.102 9.104 9.106 9.108 9.11 9.112 9.114 9.116 9.118 9.12 9.122 9.124 9.126 9.128 9.13 9.132 9.134 9.136 9.142 9.144 9.15 9.154 9.156 9.158 9.162 9.168 9.174 9.18 9.186 9.192 9.194 9.198 9.2 9.202 9.204 9.206 9.208 9.21 9.212 9.214 9.216 9.218 9.22 9.222 9.224 9.226 9.228 9.23 9.232 9.234 9.236 9.238 9.24 9.242 9.244 9.248 9.252 9.254 9.256 9.26 9.262 9.266 9.272 9.278 9.284 9.288 9.3 9.302 9.304 9.306 9.308 9.31 9.312 9.314 9.316 9.318 9.32 9.322 9.324 9.326 9.328 9.33 9.332 9.334 9.336 9.338 9.34 9.344 9.35 9.356 9.358 9.36 9.364 9.37 9.372 9.376 9.378 9.382 9.388 9.4 9.402 9.404 9.406 9.408 9.41 9.412 9.414 9.416 9.418 9.42 9.422 9.424 9.426 9.428 9.43 9.432 9.434 9.436 9.438 9.44 9.442 9.444 9.446 9.448 9.45 9.452 9.454 9.456 9.462 9.466 9.468 9.474 9.48 9.482 9.484 9.486 9.49 9.5 9.502 9.504 9.506 9.508 9.51 9.512 9.514 9.516 9.518 9.52 9.522 9.524 9.526 9.528 9.53 9.532 9.534 9.536 9.538 9.54 9.544 9.546 9.548 9.55 9.552 9.554 9.556 9.558 9.56 9.566 9.572 9.578 9.584 9.586 9.588 9.59 9.592 9.596 9.598 9.6 9.602 9.604 9.606 9.608 9.61 9.612 9.614 9.616 9.618 9.62 9.622 9.624 9.626 9.628 9.63 9.632 9.634 9.636 9.638 9.64 9.642 9.644 9.646 9.65 9.652 9.656 9.658 9.66 9.662 9.668 9.674 9.68 9.686 9.688 9.69 9.692 9.694 9.698 9.7 9.702 9.704 9.706 9.708 9.71 9.712 9.714 9.716 9.718 9.72 9.722 9.724 9.726 9.728 9.73 9.732 9.734 9.736 9.742 9.748 9.754 9.756 9.76 9.764 9.766 9.772 9.774 9.78 9.786 9.792 9.798 9.8 9.802 9.804 9.806 9.808 9.81 9.812 9.814 9.816 9.818 9.82 9.822 9.824 9.826 9.828 9.83 9.832 9.834 9.836 9.838 9.84 9.842 9.844 9.846 9.848 9.852 9.854 9.858 9.864 9.868 9.87 9.872 9.874 9.876 9.882 9.888 9.894 9.9 9.902 9.904 9.906 9.908 9.91 9.912 9.914 9.916 9.918 9.92 9.922 9.924 9.926 9.928 9.93 9.932 9.934 9.936 9.938 9.94 9.942 9.944 9.946 9.948 9.95 9.952 9.954 9.956 9.958 9.96 9.962 9.968 9.97 9.972","1096 1084 1084 1084 1084 1084 1084 1084 1084 1084 1084 1084 1084 1084 1084 1084 1084 1084 1084 1084 1084 1084 1084 1084 1084 1084 1084 1084 1084 1084 1084 1096 1084 1084 1084 1084 1084 1084 1084 1084 1084 1084 1084 1084 1084 1084 1096 1084 1084 1084 1084 1084 1084 1084 1084 1084 1084 1084 1084 1084 1084 1084 1096 1084 1084 1084 1084 1084 1084 1084 1084 1084 1084 1084 1084 1084 1084 1084 1084 1084 1084 1084 1084 1084 1084 1084 1084 1084 1084 1084 1084 1084 1084 1084 1084 1084 1096 1084 1084 1084 1084 1084 1084 1084 1084 1084 1084 1084 1084 1084 1084 1084 1084 1084 1084 1084 1096 1096 1084 1084 1084 1084 1084 1084 1084 1084 1084 1084 1084 1084 1084 1084 1084 1084 1084 1084 1096 1084 1084 1084 1084 1084 1084 1084 1084 1084 1084 1084 1084 1084 1084 1096 1084 1084 1084 1084 1084 1084 1084 1084 1084 1084 1084 1084 1084 1084 1084 1084 1084 1084 1084 1084 1084 1084 1096 1084 1084 1084 1084 1084 1084 1084 1084 1084 1084 1084 1084 1084 1084 1084 1084 1084 1084 1084 1084 1084 1084 1084 1096 1096 1096 1084 1084 1084 1084 1084 1084 1084 1084 1084 1084 1084 1096 1084 1084 1084 1084 1084 1084 1084 1084 1084 1084 1084 1084 1084 1084 1096 1084 1084 1084 1084 1084 1084 1084 1084 1084 1084 1084 1084 1084 1084 1084 1084 1084 1084 1084 1084 1084 1084 1084 1084 1096 1084 1084 1084 1084 1084 1084 1084 1084 1084 1084 1084 1084 1084 1084 1084 1084 1084 1084 1084 1084 1084 1084 1084 1084 1084 1084 1084 1084 1084 1084 1084 1084 1096 1084 1084 1084 1084 1084 1084 1084 1084 1084 1084 1084 1084 1084 1084 1084 1084 1084 1084 1084 1084 1084 1096 1084 1084 1084 1084 1084 1084 1084 1096 1096 1096 1084 1084 1084 1096 1084 1084 1084 1084 1084 1084 1084 1084 1084 1084 1084 1084 1084 1084 1096 1084 1084 1084 1084 1084 1084 1084 1084 1084 1084 1084 1084 1084 1084 1084 1084 1084 1084 1084 1084 1096 1084 1084 1084 1084 1084 1084 1084 1084 1084 1084 1084 1084 1084 1084 1096 1084 1084 1084 1084 1084 1084 1084 1084 1084 1084 1084 1084 1084 1084 1084 1084 1084 1096 1084 1084 1084 1084 1084 1084 1084 1084 1084 1084 1084 1084 1084 1084 1084 1096 1096 1096 1084 1084 1084 1084 1084 1084 1084 1084 1084 1084 1096 1084 1084 1084 1084 1084 1084 1084 1084 1084 1084 1084 1084 1084 1084 1084 1084 1084 1084 1084 1084 1084 1084 1084 1084 1084 1084 1084 1084 1084 1084 1084 1084 1084 1084 1096 1084 1084 1084 1084 1084 1084 1084 1084 1084 1084 1084 1084 1084 1084 1096 1084 1084 1084 1084 1084 1084 1084 1084 1084 1084 1084 1084 1084 1084 1084 1084 1084 1084 1096 1084 1084 1084 1084 1084 1084 1084 1084 1084 1084 1084 1084 1084 1084 1096 1084 1084 1084 1084 1084 1084 1084 1084 1084 1084 1084 1084 1084 1084 1084 1084 1084 1084 1084 1084 1084 1096 1084 1084 1084 1084 1084 1084 1084 1084 1084 1084 1084 1084 1084 1084 1084 1084 1084 1084 1084 1084 1084 1084 1084 1084 1084 1084 1084 1084 1084 1084 1084 1084 1084 1084 1084 1096 1084 1084 1084 1084 1084 1084 1084 1084 1084 1084 1084 1084 1084 1084 1084 1084 1084 1084 1084 1084 1084 1096 1096 1096 1084 1084 1096 1084 1084 1084 1084 1084 1084 1084 1084 1084 1084 1084 1084 1084 1084 1096 1084 1096 1084 1096 1084 1084 1084 1084 1096 1084 1096 1084 1096 1084 1096 1084 1084 1084 1084 1084 1084 1084 1084 1096 1084 1084 1084 1084 1084 1084 1084 1084 1084 1084 1084 1084 1084 1084 1096 1084 1096 1084 1084 1084 1084 1084 1084 1084 1084 1084 1084 1084 1084 1084 1084 1084 1084 1096 1084 1084 1084 1084 1084 1084 1084 1084 1084 1084 1084 1084 1084 1084 1084 1084 1084 1084 1084 1084 1084 1084 1084 1084 1084 1084 1084 1084 1084 1084 1084 1084 1084 1084 1084 1084 1084 1096 1084 1084 1084 1084 1084 1084 1084 1084 1084 1084 1084 1084 1084 1084 1084 1084 1084 1084 1084 1084 1084 1096 1084 1084 1084 1084 1084 1084 1096 1084 1084 1084 1084 1084 1084 1084 1084 1084 1084 1084 1084 1084 1084 1096 1096 1084 1084 1084 1084 1084 1084 1084 1084 1084 1084 1084 1084 1084 1084 1084 1084 1084 1084 1096 1084 1084 1084 1084 1084 1084 1084 1084 1084 1084 1084 1084 1084 1084 1084 1084 1084 1084 1084 1084 1084 1096 1084 1084 1084 1084 1084 1084 1084 1084 1084 1084 1084 1096 1084 1084 1084 1084 1084 1084 1084 1084 1084 1084 1084 1084 1084 1084 1084 1084 1084 1084 1084 1084 1084 1096 1084 1084 1084 1084 1084 1084 1084 1084 1084 1084 1084 1084 1084 1084 1084 1084 1096 1084 1084 1084 1084 1084 1084 1084 1084 1084 1084 1084 1084 1084 1084 1084 1084 1084 1084 1084 1084 1084 1084 1084 1084 1084 1084 1084 1084 1084 1084 1084 1084 1096 1084 1084 1084 1084 1084 1084 1084 1084 1084 1084 1084 1084 1084 1084 1096 1084 1084 1084 1084 1084 1084 1084 1084 1084 1084 1084 1084 1084 1096 1084 1084 1084 1084 1084 1084 1084 1084 1084 1084 1084 1084 1084 1084 1084 1084 1084 1084 1084 1084 1084 1084 1084 1084 1084 1084 1084 1096 1084 1084 1084 1084 1084 1084 1084 1084 1084 1084 1084 1084 1084 1084 1096 1084 1084 1084 1084 1084 1084 1084 1084 1084 1084 1084 1084 1084 1084 1084 1084 1084 1084 1084 1084 1084 1084 1084 1084 1096 1084 1084 1084 1084 1084 1084 1084 1084 1084 1084 1084 1084 1084 1084 1084 1084 1084 1084 1084 1084 1084 1084 1084 1084 1084 1084 1084 1084 1084 1084 1084 1084 1084 1084 1084 1096 1084 1084 1084 1084 1084 1084 1084 1084 1084 1084 1084 1084 1084 1084 1096 1096 1084 1084 1084 1084 1084 1084 1084 1084 1084 1084 1084 1084 1084 1084 1084 1084 1084 1084 1084 1084 1096 1084 1084 1084 1084 1084 1084 1084 1084 1084 1084 1084 1084 1084 1084 1084 1084 1084 1084 1084 1084 1084 1084 1084 1084 1084 1096 1096 1096 1084 1084 1084 1084 1084 1096 1084 1084 1084 1084 1084 1084 1084 1084 1084 1084 1084 1084 1084 1084 1084 1084 1084 1084 1084 1084 1084 1084 1084 1084 1084 1084 1084 1084 1084 1084 1084 1084 1084 1096 1084 1084 1084 1084 1084 1084 1084 1084 1084 1084 1084 1084 1084 1084 1096 1096 1084 1084 1084 1084 1084 1084 1084 1084 1084 1084 1084 1084 1084 1084 1084 1084 1084 1096 1084 1084 1084 1084 1084 1084 1084 1084 1084 1084 1084 1084 1084 1084 1096 1084 1084 1084 1084 1084 1084 1084 1084 1084 1084 1084 1084 1084 1084 1084 1084 1084 1096 1084 1084 1084 1084 1084 1084 1084 1084 1084 1084 1084 1084 1084 1084 1096 1084 1084 1084 1084 1096 1084 1084 1096 1084 1084 1084 1084 1084 1084 1084 1084 1084 1084 1096 1084 1084 1084 1084 1084 1084 1084 1084 1084 1084 1084 1084 1084 1084 1084 1084 1084 1084 1084 1096 1084 1084 1084 1084 1084 1084 1084 1084 1084 1084 1084 1084 1084 1084 1084 1096 1084 1084 1084 1084 1084 1084 1084 1084 1084 1084 1084 1084 1084 1084 1084 1084 1084 1084 1084 1084 1084 1084 1084 1084 1084 1084 1084 1096 1084 1084 1084 1084 1084 1084 1084 1084 1084 1084 1084 1084 1096 1084 1084 1084 1084 1084 1084 1084 1084 1084 1084 1084 1084 1084 1084 1084 1084 1084 1084 1084 1084 1084 1096 1096 1084 1084 1084 1084 1084 1084 1084 1096 1084 1084 1084 1084 1084 1084 1084 1084 1084 1084 1084 1084 1084 1084 1084 1084 1084 1084 1084 1084 1084 1084 1084 1084 1084 1084 1084 1084 1084 1096 1084 1084 1084 1084 1084 1084 1084 1084 1084 1084 1084 1084 1084 1084 1084 1084 1084 1084 1084 1084 1084 1084 1084 1084 1084 1084 1084 1096 1084 1084 1084 1084 1084 1084 1084 1084 1084 1084 1084 1084 1084 1084 1084 1084 1084 1084 1084 1084 1084 1084 1084 1084 1084 1084 1084 1084 1084 1084 1084 1084 1084 1096 1084 1084 1084 1084 1084 1084 1084 1084 1084 1084 1084 1084 1084 1084 1084 1084 1084 1084 1084 1084 1084 1084 1084 1084 1084 1084 1084 1084 1084 1096 1084 1084 1084 1084 1084 1084 1084 1084 1084 1084 1084 1084 1084 1084 1084 1084 1084 1084 1084 1096 1084 1096 1096 1084 1084 1084 1084 1084 1084 1084 1084 1096 1084 1084 1084 1084 1084 1084 1084 1084 1084 1084 1084 1084 1084 1084 1084 1084 1084 1084 1084 1084 1084 1084 1084 1084 1084 1084 1084 1084 1084 1084 1084 1084 1084 1096 1084 1084 1084 1084 1084 1084 1084 1084 1084 1084 1084 1084 1084 1084 1084 1084 1084 1084 1084 1084 1084 1084 1084 1084 1084 1084 1084 1084 1084 1084 1084 1084 1084 1084 1084 1096 1084 1084 1084 1084 1084 1084 1084 1084 1084 1084 1084 1084 1084 1084 1096 1096 1084 1084 1084 1084 1084 1084 1084 1084 1084 1084 1084 1084 1084 1084 1084 1084 1084 1096 1084 1084 1084 1084 1084 1084 1084 1084 1084 1084 1084 1084 1084 1084 1084 1084 1084 1084 1084 1084 1084 1084 1084 1084 1084 1084 1084 1084 1084 1084 1084 1084 1084 1084 1096 1084 1084 1084 1084 1084 1084 1084 1084 1084 1084 1084 1084 1084 1084 1084 1084 1084 1084 1084 1084 1084 1084 1084 1084 1084 1096 1084 1084 1084 1084 1096 1084 1084 1084 1084 1096 1084 1084 1084 1084 1084 1084 1084 1084 1084 1084 1084 1084 1084 1084 1084 1084 1084 1084 1084 1084 1096 1084 1084 1084 1084 1084 1084 1084 1084 1084 1084 1084 1084 1084 1096 1084 1084 1084 1084 1084 1084 1084 1084 1084 1084 1084 1084 1084 1084 1096 1084 1084 1084 1096 1084 1084 1084 1084 1084 1084 1084 1084 1084 1084 1084 1084 1084 1084 1084 1096 1084 1084 1084 1084 1084 1084 1084 1084 1084 1084 1084 1084 1084 1084 1096 1084 1084 1084 1084 1084 1084 1084 1084 1084 1084 1084 1084 1084 1084 1084 1084 1084 1084 1084 1084 1096 1084 1084 1084 1084 1084 1084 1084 1084 1084 1084 1084 1084 1084 1084 1084 1084 1084 1084 1084 1084 1084 1084 1084 1084 1084 1084 1084 1084 1084 1096 1084 1084 1096 1096 1096 1096 1084 1084 1084 1084 1084 1084 1084 1084 1084 1084 1084 1084 1084 1084 1084 1084 1084 1084 1084 1084 1084 1084 1084 1084 1096 1096 1084 1084 1084 1084 1084 1084 1084 1084 1084 1096 1084 1084 1084 1084 1084 1084 1084 1084 1084 1084 1084 1084 1084 1084 1096 1084 1096 1084 1084 1096 1084 1084 1084 1084 1084 1084 1084 1084 1084 1084 1084 1084 1084 1084 1096 1084 1084 1084 1084 1084 1084 1084 1084 1084 1084 1084 1084 1084 1084 1096 1084 1084 1084 1084 1084 1084 1084 1084 1084 1084 1084 1084 1084 1084 1084 1084 1084 1084 1084 1084 1096 1084 1084 1084 1084 1084 1084 1084 1084 1084 1084 1084 1084 1084 1084 1084 1084 1084 1084 1084 1084 1084 1084 1084 1084 1084 1084 1084 1084 1084 1084 1084 1084 1084 1084 1096 1084 1084 1084 1084 1084 1084 1084 1084 1084 1084 1084 1084 1084 1084 1084 1084 1084 1096 1084 1084 1096 1096 1096 1084 1096 1096 1084 1084 1084 1084 1084 1084 1084 1084 1084 1084 1084 1096 1084 1084 1084 1084 1084 1084 1084 1084 1084 1084 1084 1084 1084 1084 1096 1096 1084 1084 1084 1084 1084 1084 1084 1084 1084 1084 1084 1084 1084 1084 1084 1096 1084 1084 1084 1084 1084 1084 1084 1084 1084 1084 1084 1084 1084 1084 1084 1084 1084 1084 1084 1084 1084 1084 1084 1084 1084 1084 1084 1084 1084 1084 1084 1084 1084 1084 1084 1096 1084 1084 1084 1084 1084 1084 1084 1084 1084 1084 1084 1084 1084 1084 1084 1084 1084 1084 1084 1084 1084 1084 1084 1084 1084 1084 1084 1084 1084 1084 1084 1084 1084 1084 1096 1084 1084 1084 1084 1084 1084 1084 1084 1084 1084 1084 1084 1084 1084 1084 1084 1084 1084 1084 1084 1096 1096 1096 1084 1084 1084 1084 1084 1084 1084 1084 1084 1084 1084 1096 1084 1084 1084 1084 1084 1084 1084 1084 1084 1084 1084 1084 1084 1084 1084 1084 1084 1084 1084 1084 1084 1084 1084 1084 1084 1084 1084 1084 1084 1084 1084 1084 1096 1084 1084 1084 1084 1084 1084 1084 1084 1084 1084 1084 1084 1084 1084 1096 1084 1084 1084 1084 1084 1084 1084 1084 1084 1084 1084 1084 1084 1084 1084 1084 1084 1084 1084 1084 1096 1084 1084 1084 1084 1084 1084 1084 1084 1084 1084 1084 1084 1084 1084 1084 1084 1084 1084 1084 1084 1084 1084 1096 1084 1084 1084 1084 1084 1084 1084 1084 1084 1084 1084 1084 1096 1084 1084 1084 1084 1084 1084 1084 1084 1084 1084 1084 1084 1084 1084 1084 1084 1084 1084 1084 1084 1084 1084 1084 1084 1084 1084 1084 1084 1084 1084 1084 1096 1084 1084 1084 1084 1084 1084 1084 1084 1084 1084 1084 1084 1084 1084 1096 1084 1084 1084 1084 1084 1084 1084 1084 1084 1084 1084 1084 1084 1084 1096 1084 1084 1084 1084 1084 1084 1084 1084 1084 1084 1084 1084 1084 1084 1084 1084 1084 1084 1084 1084 1084 1084 1084 1084 1084 1084 1084 1084 1084 1084 1084 1084 1084 1084 1084 1096 1084 1084 1084 1084 1084 1084 1084 1084 1084 1084 1084 1084 1084 1084 1084 1084 1084 1084 1084 1084 1084 1084 1084 1084 1084 1084 1084 1084 1084 1084 1096 1084 1084 1084 1084 1084 1084 1084 1084 1084 1084 1084 1084 1084 1084 1096 1084 1084 1084 1084 1084 1084 1084 1084 1084 1084 1084 1084 1084 1084 1084 1084 1084 1084 1096 1084 1084 1084 1084 1084 1084 1084 1084 1084 1084 1084 1084 1084 1084 1084 1084 1084 1084 1096 1096 1084 1084 1096 1084 1084 1096 1096 1084 1096 1084 1084 1084 1084 1084 1084 1084 1084 1084 1084 1084 1096 1084 1084 1084 1084 1084 1084 1084 1084 1084 1084 1084 1084 1084 1084 1084 1084 1084 1084 1084 1096 1096 1096 1084 1084 1084 1084 1084 1096 1084 1084 1084 1084 1084 1084 1084 1084 1084 1084 1084 1084 1084 1084 1084 1084 1084 1084 1096 1084 1084 1084 1084 1084 1084 1084 1084 1084 1084 1084 1084 1084 1096 1084 1084 1084 1084 1084 1084 1084 1084 1084 1084 1084 1084 1084 1084 1084 1084 1084 1084 1084 1084 1084 1084 1084 1084 1084 1084 1084 1084 1096 1096 1096 1096 1096 1084 1096 1084 1084 1084 1084 1084 1084 1084 1084 1084 1084 1084 1084 1084 1084 1084 1084 1084 1084 1084 1084 1084 1084 1084 1084 1084 1084 1084 1084 1084 1084 1084 1096 1084 1084 1084 1084 1084 1084 1084 1084 1084 1084 1084 1084 1084 1084 1084 1084 1084 1084 1084 1084 1084 1084 1084 1084 1096 1084 1084 1084 1084 1084 1084 1084 1084 1084 1084 1084 1084 1084 1084 1084 1084 1084 1084 1084 1084 1084 1084 1084 1084 1084 1084 1084 1084 1084 1084 1084 1084 1096 1084 1084 1084 1084 1084 1084 1084 1084 1084 1084 1084 1084 1084 1084 1096 1084 1084 1084 1084 1084 1084 1084 1084 1084 1084 1084 1084 1084 1084 1084 1084 1084 1084 1084 1084 1084 1084 1084 1084 1096 1084 1084 1084 1084 1084 1084 1084 1084 1084 1084 1084 1084 1084 1084 1084 1084 1084 1084 1084 1096 1084 1084 1096 1084 1096 1096 1084 1084 1084 1084 1084 1084 1096 1084 1084 1084 1084 1084 1084 1084 1084 1084 1084 1084 1084 1084 1084 1096 1084 1084 1084 1084 1084 1084 1084 1084 1084 1084 1084 1084 1084 1084 1096 1096 1096 1096 1084 1096 1084 1084 1084 1084 1084 1084 1084 1084 1084 1084 1084 1084 1084 1084 1084 1084 1084 1084 1084 1084 1084 1096 1096 1096 1084 1084 1084 1084 1084 1084 1084 1084 1084 1084 1084 1084 1084 1096 1084 1084 1084 1084 1084 1084 1084 1084 1084 1084 1084 1084 1084 1084 1084 1084 1084 1084 1084 1084 1084 1084 1084 1084 1084 1096 1096 1084 1084 1084 1084 1084 1084 1084 1096 1084 1084 1084 1084 1084 1084 1084 1084 1084 1084 1084 1084 1084 1084 1096 1084 1084 1084 1084 1084 1084 1084 1084 1084 1084 1084 1084 1084 1084 1084 1084 1084 1084 1096 1084 1084 1084 1084 1084 1084 1084 1084 1084 1084 1084 1084 1084 1084 1084 1084 1084 1084 1084 1084 1084 1084 1084 1084 1084 1084 1084 1084 1084 1084 1084 1084 1084 1084 1084 1084 1084 1096 1084 1084 1084 1084 1084 1084 1084 1084 1084 1084 1084 1084 1084 1084 1084 1084 1084 1084 1084 1084 1084 1084 1084 1084 1084 1084 1084 1084 1084 1084 1084 1084 1084 1084 1084 1084 1096 1084 1084 1084 1084 1084 1084 1084 1084 1084 1084 1084 1084 1084 1084 1096 1084 1084 1084 1084 1084 1084 1084 1084 1084 1084 1084 1084 1084 1084 1084 1084 1084 1084 1084 1084 1096 1084 1084 1084 1084 1084 1084 1084 1084 1084 1084 1084 1084 1084 1084 1084 1084 1084 1084 1084 1084 1084 1084 1084 1084 1084 1084 1084 1084 1084 1084 1084 1096 1084 1084 1084 1084 1084 1084 1084 1084 1084 1084 1084 1084 1084 1084 1084 1084 1084 1084 1084 1084 1084 1084 1084 1096 1096 1096 1084 1096 1084 1084 1084 1084 1084 1084 1084 1084 1084 1084 1084 1084 1084 1084 1084 1084 1084 1084 1084 1084 1084 1084 1084 1084 1084 1084 1084 1084 1084 1084 1084 1084 1096 1084 1084 1084 1084 1084 1084 1084 1084 1084 1084 1084 1084 1084 1084 1084 1084 1084 1084 1084 1084 1096 1084 1084 1096 1096 1096 1096 1084 1084 1084 1084 1084 1084 1084 1084 1084 1084 1084 1084 1084 1084 1084 1084 1084 1084 1084 1084 1084 1084 1084 1084 1084 1084 1084 1084 1084 1084 1084 1084 1084 1084 1096 1084 1084 1084 1084 1084 1084 1084 1084 1084 1084 1084 1084 1084 1084 1096 1084 1084 1096 1084 1084 1084 1084 1084 1084 1084 1084 1084 1084 1084 1084 1084 1084 1084 1084 1096 1084 1084 1084 1084 1084 1084 1084 1084 1084 1084 1084 1084 1084 1084 1084 1084 1084 1084 1084 1084 1084 1084 1084 1084 1084 1084 1084 1084 1084 1084 1084 1084 1096 1084 1084 1084 1084 1084 1084 1084 1084 1084 1084 1084 1084 1084 1084 1084 1084 1084 1084 1096 1096 1096 1084 1084 1084 1084 1084 1084 1084 1084 1084 1084 1084 1084 1096 1084 1084 1084 1084 1084 1084 1084 1084 1084 1084 1084 1084 1084 1084 1084 1084 1084 1084 1084 1084 1084 1084 1084 1084 1084 1084 1084 1096 1096 1084 1084 1084 1096 1084 1084 1084 1084 1084 1084 1084 1084 1084 1084 1084 1084 1084 1084 1084 1084 1084 1084 1084 1084 1084 1084 1084 1084 1084 1084 1084 1084 1084 1084 1084 1084 1084 1084 1084 1084 1084 1096 1084 1084 1084 1084 1084 1084 1084 1084 1084 1084 1084 1084 1084 1084 1096 1084 1084 1084 1084 1084 1084 1084 1084 1084 1084 1084 1084 1084 1084 1084 1084 1084 1084 1084 1084 1084 1084 1084 1084 1096 1084 1084 1084 1084 1084 1084 1084 1084 1084 1084 1084 1084 1084 1084 1084 1084 1084 1084 1084 1084 1084 1084 1084 1084 1084 1084 1084 1084 1084 1084 1084 1084 1084 1084 1084 1084 1084 1084 1096 1084 1084 1084 1084 1084 1084 1084 1084 1084 1084 1084 1084 1084 1084 1084 1084 1084 1084 1084 1084 1084 1084 1084 1084 1084 1084 1084 1084 1084 1084 1084 1096 1084 1084 1084 1084 1084 1084 1084 1084 1084 1084 1084 1084 1084 1084 1096 1084 1084 1084 1084 1084 1084 1084 1084 1084 1084 1084 1084 1084 1084 1084 1084 1084 1084 1084 1084 1084 1096 1084 1084 1084 1084 1084 1084 1084 1084 1084 1084 1084 1084 1084 1084 1084 1084 1084 1084 1084 1084 1084 1084 1084 1084 1084 1084 1084 1096 1096 1084 1084 1084 1084 1084"
General-0-20221124-13:43:39-4463,attr,multiLink.sender.lo[0].lo,rcvdPkFromHl:vector(packetBytes),interpolationmode,none,,
General-0-20221124-13:43:39-4463,attr,multiLink.sender.lo[0].lo,rcvdPkFromHl:vector(packetBytes),recordingmode,vector(packetBytes),,
General-0-20221124-13:43:39-4463,attr,multiLink.sender.lo[0].lo,rcvdPkFromHl:vector(packetBytes),source,packetReceivedFromUpper,,
General-0-20221124-13:43:39-4463,attr,multiLink.sender.lo[0].lo,rcvdPkFromHl:vector(packetBytes),title,"packets received from higher layer, packetBytes",,
General-0-20221124-13:43:39-4463,vector,multiLink.sender.lo[0].lo,passedUpPk:vector(packetBytes),,,"0 0.002 0.004 0.006 0.008 0.01 0.012 0.014 0.016 0.018 0.02 0.022 0.024 0.026 0.028 0.03 0.032 0.034 0.036 0.038 0.04 0.042 0.044 0.05 0.052 0.054 0.056 0.058 0.062 0.068 0.074 0.1 0.102 0.104 0.106 0.108 0.11 0.112 0.114 0.116 0.118 0.12 0.122 0.124 0.126 0.128 0.13 0.132 0.134 0.136 0.138 0.14 0.142 0.144 0.146 0.148 0.15 0.152 0.156 0.158 0.162 0.164 0.2 0.202 0.204 0.206 0.208 0.21 0.212 0.214 0.216 0.218 0.22 0.222 0.224 0.226 0.228 0.23 0.232 0.234 0.236 0.238 0.244 0.246 0.25 0.256 0.262 0.264 0.268 0.272 0.278 0.284 0.286 0.288 0.29 0.296 0.3 0.302 0.304 0.306 0.308 0.31 0.312 0.314 0.316 0.318 0.32 0.322 0.324 0.326 0.328 0.33 0.332 0.334 0.336 0.338 0.34 0.344 0.346 0.35 0.352 0.356 0.36 0.362 0.364 0.366 0.368 0.374 0.38 0.382 0.384 0.386 0.392 0.394 0.396 0.398 0.4 0.402 0.404 0.406 0.408 0.41 0.412 0.414 0.416 0.418 0.42 0.422 0.424 0.426 0.428 0.43 0.432 0.434 0.436 0.438 0.44 0.442 0.444 0.446 0.448 0.45 0.452 0.456 0.458 0.46 0.464 0.468 0.47 0.476 0.478 0.482 0.488 0.494 0.5 0.502 0.504 0.506 0.508 0.51 0.512 0.514 0.516 0.518 0.52 0.522 0.524 0.526 0.528 0.53 0.532 0.534 0.536 0.538 0.54 0.542 0.544 0.546 0.548 0.552 0.554 0.556 0.558 0.56 0.566 0.568 0.572 0.578 0.584 0.59 0.596 0.598 0.6 0.602 0.604 0.606 0.608 0.61 0.612 0.614 0.616 0.618 0.62 0.622 0.624 0.626 0.628 0.63 0.632 0.634 0.636 0.638 0.64 0.642 0.644 0.646 0.648 0.65 0.654 0.656 0.662 0.668 0.67 0.672 0.674 0.676 0.678 0.68 0.686 0.692 0.696 0.698 0.7 0.702 0.704 0.706 0.708 0.71 0.712 0.714 0.716 0.718 0.72 0.722 0.724 0.726 0.728 0.73 0.732 0.734 0.736 0.738 0.74 0.744 0.75 0.756 0.762 0.768 0.774 0.78 0.782 0.786 0.792 0.794 0.798 0.8 0.802 0.804 0.806 0.808 0.81 0.812 0.814 0.816 0.818 0.82 0.822 0.824 0.826 0.828 0.83 0.832 0.834 0.836 0.838 0.84 0.846 0.848 0.852 0.854 0.858 0.86 0.864 0.866 0.87 0.872 0.876 0.882 0.884 0.888 0.894 0.9 0.902 0.904 0.906 0.908 0.91 0.912 0.914 0.916 0.918 0.92 0.922 0.924 0.926 0.928 0.93 0.932 0.934 0.936 0.938 0.94 0.942 0.944 0.946 0.952 0.954 0.956 0.958 0.964 0.966 0.97 0.976 0.98 0.982 0.988 0.994 1 1.002 1.004 1.006 1.008 1.01 1.012 1.014 1.016 1.018 1.02 1.022 1.024 1.026 1.028 1.03 1.032 1.034 1.036 1.038 1.04 1.042 1.048 1.052 1.054 1.056 1.06 1.066 1.072 1.078 1.084 1.09 1.096 1.1 1.102 1.104 1.106 1.108 1.11 1.112 1.114 1.116 1.118 1.12 1.122 1.124 1.126 1.128 1.13 1.132 1.134 1.14 1.142 1.144 1.146 1.152 1.154 1.158 1.164 1.17 1.174 1.176 1.2 1.202 1.204 1.206 1.208 1.21 1.212 1.214 1.216 1.218 1.22 1.222 1.224 1.226 1.228 1.23 1.232 1.234 1.236 1.238 1.24 1.242 1.244 1.248 1.254 1.256 1.26 1.262 1.266 1.268 1.274 1.28 1.286 1.288 1.292 1.3 1.302 1.304 1.306 1.308 1.31 1.312 1.314 1.316 1.318 1.32 1.322 1.324 1.326 1.328 1.33 1.332 1.334 1.336 1.342 1.346 1.348 1.35 1.352 1.354 1.356 1.36 1.362 1.366 1.372 1.376 1.382 1.388 1.394 1.4 1.402 1.404 1.406 1.408 1.41 1.412 1.414 1.416 1.418 1.42 1.422 1.424 1.426 1.428 1.43 1.432 1.434 1.436 1.438 1.44 1.442 1.446 1.448 1.454 1.458 1.46 1.462 1.464 1.466 1.468 1.472 1.474 1.48 1.486 1.492 1.498 1.5 1.502 1.504 1.506 1.508 1.51 1.512 1.514 1.516 1.518 1.52 1.522 1.524 1.526 1.528 1.53 1.532 1.534 1.536 1.538 1.54 1.542 1.544 1.546 1.548 1.55 1.552 1.556 1.558 1.56 1.562 1.564 1.568 1.57 1.572 1.574 1.6 1.602 1.604 1.606 1.608 1.61 1.612 1.614 1.616 1.618 1.62 1.622 1.624 1.626 1.628 1.63 1.632 1.634 1.64 1.642 1.646 1.648 1.652 1.658 1.664 1.668 1.67 1.7 1.702 1.704 1.706 1.708 1.71 1.712 1.714 1.716 1.718 1.72 1.722 1.724 1.726 1.728 1.73 1.732 1.734 1.736 1.738 1.74 1.742 1.744 1.746 1.748 1.75 1.752 1.754 1.756 1.758 1.762 1.764 1.77 1.776 1.778 1.782 1.788 1.794 1.798 1.8 1.802 1.804 1.806 1.808 1.81 1.812 1.814 1.816 1.818 1.82 1.822 1.824 1.826 1.828 1.83 1.832 1.834 1.836 1.838 1.84 1.846 1.848 1.85 1.854 1.86 1.862 1.864 1.866 1.868 1.874 1.88 1.882 1.884 1.9 1.902 1.904 1.906 1.908 1.91 1.912 1.914 1.916 1.918 1.92 1.922 1.924 1.926 1.928 1.93 1.932 1.934 1.936 1.938 1.942 1.944 1.948 1.95 1.954 1.96 1.966 1.968 1.97 1.972 1.974 1.976 1.978 1.984 1.988 1.99 1.994 1.996 2 2.002 2.004 2.006 2.008 2.01 2.012 2.014 2.016 2.018 2.02 2.022 2.024 2.026 2.028 2.03 2.032 2.034 2.036 2.038 2.04 2.042 2.046 2.048 2.05 2.054 2.056 2.058 2.06 2.1 2.102 2.104 2.106 2.108 2.11 2.112 2.114 2.116 2.118 2.12 2.122 2.124 2.126 2.128 2.13 2.132 2.134 2.136 2.138 2.142 2.144 2.146 2.148 2.15 2.152 2.156 2.16 2.162 2.168 2.17 2.174 2.18 2.186 2.19 2.2 2.202 2.204 2.206 2.208 2.21 2.212 2.214 2.216 2.218 2.22 2.222 2.224 2.226 2.228 2.23 2.232 2.234 2.236 2.238 2.24 2.242 2.244 2.248 2.252 2.254 2.26 2.266 2.272 2.278 2.282 2.284 2.29 2.296 2.3 2.302 2.304 2.306 2.308 2.31 2.312 2.314 2.316 2.318 2.32 2.322 2.324 2.326 2.328 2.33 2.332 2.334 2.336 2.338 2.34 2.342 2.344 2.346 2.348 2.352 2.354 2.358 2.36 2.362 2.364 2.366 2.372 2.374 2.376 2.378 2.384 2.39 2.396 2.4 2.402 2.404 2.406 2.408 2.41 2.412 2.414 2.416 2.418 2.42 2.422 2.424 2.426 2.428 2.43 2.432 2.434 2.436 2.438 2.442 2.448 2.45 2.454 2.456 2.458 2.46 2.466 2.472 2.478 2.484 2.488 2.49 2.5 2.502 2.504 2.506 2.508 2.51 2.512 2.514 2.516 2.518 2.52 2.522 2.524 2.526 2.528 2.53 2.532 2.534 2.536 2.538 2.542 2.544 2.546 2.548 2.554 2.556 2.558 2.56 2.564 2.6 2.602 2.604 2.606 2.608 2.61 2.612 2.614 2.616 2.618 2.62 2.622 2.624 2.626 2.628 2.63 2.632 2.634 2.636 2.638 2.64 2.642 2.644 2.648 2.654 2.66 2.666 2.672 2.7 2.702 2.704 2.706 2.708 2.71 2.712 2.714 2.716 2.718 2.72 2.722 2.724 2.726 2.728 2.73 2.732 2.734 2.736 2.738 2.74 2.742 2.744 2.746 2.748 2.75 2.752 2.754 2.756 2.758 2.76 2.764 2.766 2.772 2.778 2.78 2.784 2.79 2.792 2.796 2.8 2.802 2.804 2.806 2.808 2.81 2.812 2.814 2.816 2.818 2.82 2.822 2.824 2.826 2.828 2.83 2.832 2.834 2.836 2.838 2.84 2.842 2.844 2.846 2.848 2.85 2.852 2.856 2.858 2.86 2.862 2.864 2.866 2.87 2.876 2.882 2.9 2.902 2.904 2.906 2.908 2.91 2.912 2.914 2.916 2.918 2.92 2.922 2.924 2.926 2.928 2.93 2.932 2.934 2.936 2.938 2.94 2.942 2.944 2.946 2.948 2.95 2.952 2.954 2.956 2.958 2.962 2.968 2.974 2.98 2.986 2.992 2.998 3 3.002 3.004 3.006 3.008 3.01 3.012 3.014 3.016 3.018 3.02 3.022 3.024 3.026 3.028 3.03 3.032 3.034 3.036 3.042 3.044 3.048 3.054 3.056 3.058 3.06 3.064 3.07 3.076 3.08 3.082 3.088 3.094 3.098 3.1 3.102 3.104 3.106 3.108 3.11 3.112 3.114 3.116 3.118 3.12 3.122 3.124 3.126 3.128 3.13 3.132 3.134 3.136 3.14 3.142 3.144 3.146 3.148 3.15 3.152 3.158 3.16 3.162 3.164 3.168 3.17 3.174 3.176 3.2 3.202 3.204 3.206 3.208 3.21 3.212 3.214 3.216 3.218 3.22 3.222 3.224 3.226 3.228 3.23 3.232 3.234 3.236 3.238 3.24 3.242 3.244 3.246 3.248 3.25 3.252 3.254 3.256 3.258 3.26 3.262 3.264 3.268 3.3 3.302 3.304 3.306 3.308 3.31 3.312 3.314 3.316 3.318 3.32 3.322 3.324 3.326 3.328 3.33 3.332 3.334 3.336 3.338 3.34 3.344 3.346 3.348 3.35 3.352 3.354 3.358 3.364 3.37 3.376 3.382 3.388 3.4 3.402 3.404 3.406 3.408 3.41 3.412 3.414 3.416 3.418 3.42 3.422 3.424 3.426 3.428 3.43 3.434 3.436 3.44 3.446 3.448 3.45 3.452 3.454 3.458 3.46 3.462 3.464 3.466 3.47 3.476 3.482 3.486 3.488 3.5 3.502 3.504 3.506 3.508 3.51 3.512 3.514 3.516 3.518 3.52 3.522 3.524 3.526 3.528 3.53 3.532 3.534 3.536 3.542 3.546 3.548 3.55 3.552 3.554 3.558 3.56 3.562 3.564 3.566 3.57 3.576 3.582 3.588 3.59 3.594 3.6 3.602 3.604 3.606 3.608 3.61 3.612 3.614 3.616 3.618 3.62 3.622 3.624 3.626 3.628 3.63 3.632 3.634 3.636 3.638 3.64 3.642 3.644 3.646 3.648 3.654 3.656 3.658 3.662 3.664 3.666 3.668 3.674 3.68 3.684 3.686 3.688 3.69 3.692 3.696 3.698 3.7 3.702 3.704 3.706 3.708 3.71 3.712 3.714 3.716 3.718 3.72 3.722 3.724 3.726 3.728 3.73 3.732 3.734 3.736 3.738 3.74 3.742 3.746 3.748 3.752 3.754 3.756 3.76 3.766 3.772 3.778 3.8 3.802 3.804 3.806 3.808 3.81 3.812 3.814 3.816 3.818 3.82 3.822 3.824 3.826 3.828 3.83 3.832 3.834 3.836 3.838 3.84 3.842 3.844 3.846 3.848 3.85 3.854 3.856 3.858 3.86 3.9 3.902 3.904 3.906 3.908 3.91 3.912 3.914 3.916 3.918 3.92 3.922 3.924 3.926 3.928 3.93 3.932 3.934 3.94 3.942 3.944 3.948 3.95 3.952 3.958 3.962 3.964 3.966 4 4.002 4.004 4.006 4.008 4.01 4.012 4.014 4.016 4.018 4.02 4.022 4.024 4.026 4.028 4.03 4.032 4.034 4.036 4.038 4.042 4.044 4.046 4.048 4.054 4.056 4.062 4.064 4.068 4.07 4.074 4.078 4.08 4.086 4.1 4.102 4.104 4.106 4.108 4.11 4.112 4.114 4.116 4.118 4.12 4.122 4.124 4.126 4.128 4.13 4.132 4.136 4.142 4.144 4.146 4.148 4.15 4.152 4.154 4.156 4.158 4.16 4.162 4.166 4.2 4.202 4.204 4.206 4.208 4.21 4.212 4.214 4.216 4.218 4.22 4.222 4.224 4.226 4.228 4.23 4.232 4.234 4.236 4.238 4.242 4.244 4.248 4.25 4.254 4.256 4.262 4.268 4.272 4.274 4.276 4.282 4.3 4.302 4.304 4.306 4.308 4.31 4.312 4.314 4.316 4.318 4.32 4.322 4.324 4.326 4.328 4.33 4.332 4.334 4.336 4.338 4.34 4.342 4.344 4.346 4.348 4.35 4.356 4.362 4.364 4.368 4.374 4.38 4.384 4.386 4.4 4.402 4.404 4.406 4.408 4.41 4.412 4.414 4.416 4.418 4.42 4.422 4.424 4.426 4.428 4.43 4.432 4.434 4.436 4.438 4.444 4.448 4.45 4.454 4.46 4.462 4.466 4.472 4.474 4.476 4.478 4.484 4.486 4.488 4.49 4.496 4.5 4.502 4.504 4.506 4.508 4.51 4.512 4.514 4.516 4.518 4.52 4.522 4.524 4.526 4.528 4.53 4.536 4.538 4.54 4.544 4.55 4.554 4.556 4.56 4.562 4.568 4.572 4.574 4.58 4.584 4.586 4.588 4.592 4.598 4.6 4.602 4.604 4.606 4.608 4.61 4.612 4.614 4.616 4.618 4.62 4.622 4.624 4.626 4.628 4.63 4.632 4.634 4.636 4.64 4.642 4.646 4.652 4.654 4.656 4.658 4.664 4.666 4.668 4.67 4.672 4.676 4.682 4.688 4.694 4.7 4.702 4.704 4.706 4.708 4.71 4.712 4.714 4.716 4.718 4.72 4.722 4.724 4.726 4.728 4.73 4.732 4.734 4.736 4.738 4.74 4.746 4.748 4.75 4.752 4.754 4.756 4.76 4.766 4.772 4.778 4.78 4.782 4.784 4.79 4.796 4.8 4.802 4.804 4.806 4.808 4.81 4.812 4.814 4.816 4.818 4.82 4.822 4.824 4.826 4.828 4.83 4.834 4.836 4.838 4.844 4.85 4.852 4.854 4.856 4.858 4.862 4.864 4.87 4.872 4.876 4.882 4.884 4.888 4.89 4.894 4.9 4.902 4.904 4.906 4.908 4.91 4.912 4.914 4.916 4.918 4.92 4.922 4.924 4.926 4.928 4.93 4.932 4.934 4.936 4.938 4.94 4.942 4.948 4.95 4.952 4.954 4.956 4.96 4.962 4.966 4.972 4.978 4.984 4.99 4.996 5 5.002 5.004 5.006 5.008 5.01 5.012 5.014 5.016 5.018 5.02 5.022 5.024 5.026 5.028 5.03 5.032 5.034 5.036 5.038 5.04 5.042 5.044 5.046 5.05 5.056 5.058 5.06 5.062 5.064 5.066 5.068 5.07 5.074 5.078 5.084 5.1 5.102 5.104 5.106 5.108 5.11 5.112 5.114 5.116 5.118 5.12 5.122 5.124 5.126 5.128 5.13 5.132 5.134 5.136 5.138 5.14 5.142 5.144 5.146 5.148 5.15 5.154 5.156 5.162 5.168 5.172 5.174 5.18 5.182 5.188 5.194 5.2 5.202 5.204 5.206 5.208 5.21 5.212 5.214 5.216 5.218 5.22 5.222 5.224 5.226 5.228 5.23 5.232 5.234 5.236 5.238 5.24 5.242 5.244 5.246 5.248 5.25 5.254 5.256 5.26 5.262 5.268 5.274 5.276 5.278 5.284 5.29 5.3 5.302 5.304 5.306 5.308 5.31 5.312 5.314 5.316 5.318 5.32 5.322 5.324 5.326 5.328 5.33 5.332 5.334 5.336 5.338 5.34 5.342 5.344 5.346 5.348 5.35 5.352 5.354 5.356 5.36 5.366 5.372 5.378 5.384 5.388 5.4 5.402 5.404 5.406 5.408 5.41 5.412 5.414 5.416 5.418 5.42 5.422 5.424 5.426 5.428 5.43 5.432 5.434 5.436 5.438 5.44 5.442 5.444 5.446 5.452 5.454 5.456 5.458 5.46 5.464 5.47 5.472 5.474 5.476 5.48 5.482 5.5 5.502 5.504 5.506 5.508 5.51 5.512 5.514 5.516 5.518 5.52 5.522 5.524 5.526 5.528 5.53 5.532 5.534 5.536 5.538 5.54 5.542 5.544 5.55 5.556 5.558 5.562 5.564 5.568 5.574 5.58 5.586 5.588 5.592 5.598 5.6 5.602 5.604 5.606 5.608 5.61 5.612 5.614 5.616 5.618 5.62 5.622 5.624 5.626 5.628 5.63 5.632 5.634 5.636 5.64 5.642 5.644 5.646 5.652 5.654 5.656 5.658 5.66 5.664 5.666 5.67 5.674 5.676 5.678 5.682 5.684 5.69 5.696 5.7 5.702 5.704 5.706 5.708 5.71 5.712 5.714 5.716 5.718 5.72 5.722 5.724 5.726 5.728 5.73 5.732 5.734 5.736 5.738 5.74 5.742 5.744 5.746 5.748 5.75 5.752 5.758 5.762 5.764 5.77 5.772 5.8 5.802 5.804 5.806 5.808 5.81 5.812 5.814 5.816 5.818 5.82 5.822 5.824 5.826 5.828 5.83 5.832 5.834 5.836 5.838 5.84 5.842 5.844 5.846 5.848 5.854 5.856 5.858 5.864 5.866 5.87 5.876 5.88 5.882 5.888 5.894 5.9 5.902 5.904 5.906 5.908 5.91 5.912 5.914 5.916 5.918 5.92 5.922 5.924 5.926 5.928 5.93 5.932 5.934 5.936 5.938 5.94 5.942 5.948 5.954 5.96 5.964 5.966 5.968 5.972 5.978 5.984 5.988 5.99 5.992 5.996 6 6.002 6.004 6.006 6.008 6.01 6.012 6.014 6.016 6.018 6.02 6.022 6.024 6.026 6.028 6.03 6.032 6.034 6.036 6.038 6.04 6.044 6.046 6.052 6.054 6.058 6.064 6.07 6.072 6.076 6.08 6.082 6.086 6.09 6.096 6.1 6.102 6.104 6.106 6.108 6.11 6.112 6.114 6.116 6.118 6.12 6.122 6.124 6.126 6.128 6.13 6.132 6.138 6.14 6.144 6.15 6.156 6.158 6.16 6.162 6.166 6.168 6.17 6.174 6.18 6.186 6.192 6.198 6.2 6.202 6.204 6.206 6.208 6.21 6.212 6.214 6.216 6.218 6.22 6.222 6.224 6.226 6.228 6.23 6.232 6.234 6.236 6.238 6.24 6.242 6.244 6.246 6.248 6.254 6.26 6.262 6.268 6.274 6.28 6.286 6.288 6.292 6.294 6.298 6.3 6.302 6.304 6.306 6.308 6.31 6.312 6.314 6.316 6.318 6.32 6.322 6.324 6.326 6.328 6.33 6.332 6.334 6.338 6.34 6.342 6.348 6.354 6.356 6.358 6.36 6.366 6.37 6.372 6.376 6.378 6.382 6.384 6.388 6.39 6.396 6.4 6.402 6.404 6.406 6.408 6.41 6.412 6.414 6.416 6.418 6.42 6.422 6.424 6.426 6.428 6.43 6.432 6.436 6.438 6.44 6.442 6.444 6.446 6.448 6.45 6.452 6.456 6.458 6.46 6.464 6.47 6.476 6.5 6.502 6.504 6.506 6.508 6.51 6.512 6.514 6.516 6.518 6.52 6.522 6.524 6.526 6.528 6.53 6.532 6.534 6.536 6.538 6.544 6.546 6.55 6.556 6.558 6.56 6.566 6.572 6.578 6.584 6.6 6.602 6.604 6.606 6.608 6.61 6.612 6.614 6.616 6.618 6.62 6.622 6.624 6.626 6.628 6.63 6.632 6.634 6.636 6.638 6.64 6.642 6.644 6.646 6.648 6.65 6.652 6.656 6.662 6.668 6.674 6.68 6.684 6.686 6.692 6.698 6.7 6.702 6.704 6.706 6.708 6.71 6.712 6.714 6.716 6.718 6.72 6.722 6.724 6.726 6.728 6.73 6.732 6.736 6.738 6.742 6.744 6.748 6.754 6.758 6.76 6.766 6.772 6.778 6.784 6.79 6.796 6.8 6.802 6.804 6.806 6.808 6.81 6.812 6.814 6.816 6.818 6.82 6.822 6.824 6.826 6.828 6.83 6.832 6.834 6.838 6.84 6.842 6.844 6.846 6.848 6.85 6.854 6.86 6.866 6.872 6.876 6.878 6.884 6.89 6.896 6.9 6.902 6.904 6.906 6.908 6.91 6.912 6.914 6.916 6.918 6.92 6.922 6.924 6.926 6.928 6.93 6.932 6.934 6.936 6.938 6.942 6.946 6.948 6.95 6.952 6.954 6.956 6.96 6.964 6.966 6.968 6.97 6.972 6.976 6.978 6.982 6.984 6.988 6.99 6.994 6.996 7 7.002 7.004 7.006 7.008 7.01 7.012 7.014 7.016 7.018 7.02 7.022 7.024 7.026 7.028 7.03 7.032 7.034 7.036 7.042 7.046 7.048 7.054 7.058 7.06 7.062 7.064 7.066 7.1 7.102 7.104 7.106 7.108 7.11 7.112 7.114 7.116 7.118 7.12 7.122 7.124 7.126 7.128 7.13 7.132 7.134 7.136 7.138 7.142 7.148 7.15 7.154 7.156 7.158 7.16 7.166 7.172 7.178 7.184 7.19 7.196 7.2 7.202 7.204 7.206 7.208 7.21 7.212 7.214 7.216 7.218 7.22 7.222 7.224 7.226 7.228 7.23 7.232 7.234 7.236 7.24 7.244 7.246 7.248 7.25 7.252 7.258 7.262 7.264 7.27 7.274 7.276 7.282 7.288 7.294 7.298 7.3 7.302 7.304 7.306 7.308 7.31 7.312 7.314 7.316 7.318 7.32 7.322 7.324 7.326 7.328 7.33 7.332 7.334 7.336 7.34 7.342 7.346 7.352 7.354 7.356 7.358 7.36 7.364 7.37 7.372 7.374 7.376 7.4 7.402 7.404 7.406 7.408 7.41 7.412 7.414 7.416 7.418 7.42 7.422 7.424 7.426 7.428 7.43 7.432 7.434 7.436 7.44 7.444 7.446 7.45 7.452 7.456 7.5 7.502 7.504 7.506 7.508 7.51 7.512 7.514 7.516 7.518 7.52 7.522 7.524 7.526 7.528 7.53 7.532 7.534 7.536 7.538 7.54 7.542 7.544 7.55 7.554 7.556 7.562 7.568 7.574 7.58 7.586 7.592 7.598 7.6 7.602 7.604 7.606 7.608 7.61 7.612 7.614 7.616 7.618 7.62 7.622 7.624 7.626 7.628 7.63 7.632 7.634 7.636 7.638 7.64 7.642 7.644 7.646 7.648 7.65 7.652 7.658 7.66 7.664 7.666 7.672 7.674 7.678 7.684 7.686 7.688 7.69 7.692 7.696 7.7 7.702 7.704 7.706 7.708 7.71 7.712 7.714 7.716 7.718 7.72 7.722 7.724 7.726 7.728 7.73 7.732 7.738 7.74 7.742 7.746 7.748 7.754 7.756 7.758 7.762 7.764 7.768 7.772 7.778 7.784 7.79 7.796 7.8 7.802 7.804 7.806 7.808 7.81 7.812 7.814 7.816 7.818 7.82 7.822 7.824 7.826 7.828 7.83 7.832 7.834 7.836 7.838 7.84 7.842 7.844 7.846 7.848 7.85 7.854 7.856 7.86 7.862 7.864 7.866 7.87 7.872 7.876 7.9 7.902 7.904 7.906 7.908 7.91 7.912 7.914 7.916 7.918 7.92 7.922 7.924 7.926 7.928 7.93 7.932 7.934 7.938 7.94 7.942 7.944 7.946 7.95 7.956 7.958 7.96 7.962 7.968 7.97 7.974 7.976 7.978 7.98 7.982 7.986 7.992 7.998 8 8.002 8.004 8.006 8.008 8.01 8.012 8.014 8.016 8.018 8.02 8.022 8.024 8.026 8.028 8.03 8.032 8.038 8.042 8.044 8.05 8.054 8.056 8.058 8.06 8.062 8.064 8.066 8.068 8.072 8.074 8.08 8.086 8.092 8.098 8.1 8.102 8.104 8.106 8.108 8.11 8.112 8.114 8.116 8.118 8.12 8.122 8.124 8.126 8.128 8.13 8.132 8.134 8.136 8.138 8.14 8.142 8.146 8.152 8.156 8.158 8.162 8.164 8.168 8.174 8.18 8.182 8.186 8.192 8.2 8.202 8.204 8.206 8.208 8.21 8.212 8.214 8.216 8.218 8.22 8.222 8.224 8.226 8.228 8.23 8.232 8.234 8.236 8.238 8.24 8.242 8.244 8.246 8.248 8.25 8.252 8.254 8.258 8.26 8.264 8.268 8.27 8.276 8.282 8.288 8.294 8.296 8.3 8.302 8.304 8.306 8.308 8.31 8.312 8.314 8.316 8.318 8.32 8.322 8.324 8.326 8.328 8.33 8.332 8.334 8.336 8.338 8.34 8.342 8.344 8.35 8.352 8.358 8.36 8.364 8.366 8.37 8.372 8.376 8.378 8.382 8.384 8.39 8.396 8.4 8.402 8.404 8.406 8.408 8.41 8.412 8.414 8.416 8.418 8.42 8.422 8.424 8.426 8.428 8.43 8.432 8.434 8.436 8.438 8.44 8.442 8.444 8.446 8.448 8.45 8.452 8.454 8.456 8.462 8.466 8.468 8.47 8.476 8.478 8.482 8.5 8.502 8.504 8.506 8.508 8.51 8.512 8.514 8.516 8.518 8.52 8.522 8.524 8.526 8.528 8.53 8.532 8.534 8.536 8.538 8.544 8.546 8.548 8.55 8.554 8.56 8.566 8.572 8.574 8.578 8.582 8.584 8.6 8.602 8.604 8.606 8.608 8.61 8.612 8.614 8.616 8.618 8.62 8.622 8.624 8.626 8.628 8.63 8.632 8.634 8.636 8.638 8.64 8.642 8.644 8.646 8.648 8.65 8.652 8.654 8.7 8.702 8.704 8.706 8.708 8.71 8.712 8.714 8.716 8.718 8.72 8.722 8.724 8.726 8.728 8.73 8.732 8.736 8.742 8.748 8.754 8.76 8.762 8.764 8.766 8.768 8.772 8.778 8.782 8.784 8.79 8.796 8.798 8.8 8.802 8.804 8.806 8.808 8.81 8.812 8.814 8.816 8.818 8.82 8.822 8.824 8.826 8.828 8.83 8.832 8.836 8.838 8.84 8.842 8.844 8.846 8.848 8.85 8.854 8.86 8.9 8.902 8.904 8.906 8.908 8.91 8.912 8.914 8.916 8.918 8.92 8.922 8.924 8.926 8.928 8.93 8.932 8.934 8.94 8.942 8.944 8.946 8.948 8.95 8.952 8.956 8.962 8.968 8.974 8.98 8.982 8.986 8.988 8.99 8.994 9 9.002 9.004 9.006 9.008 9.01 9.012 9.014 9.016 9.018 9.02 9.022 9.024 9.026 9.028 9.03 9.032 9.034 9.036 9.038 9.04 9.042 9.044 9.046 9.048 9.05 9.052 9.054 9.056 9.062 9.064 9.068 9.074 9.08 9.086 9.1 9.102 9.104 9.106 9.108 9.11 9.112 9.114 9.116 9.118 9.12 9.122 9.124 9.126 9.128 9.13 9.132 9.134 9.136 9.142 9.144 9.15 9.154 9.156 9.158 9.162 9.168 9.174 9.18 9.186 9.192 9.194 9.198 9.2 9.202 9.204 9.206 9.208 9.21 9.212 9.214 9.216 9.218 9.22 9.222 9.224 9.226 9.228 9.23 9.232 9.234 9.236 9.238 9.24 9.242 9.244 9.248 9.252 9.254 9.256 9.26 9.262 9.266 9.272 9.278 9.284 9.288 9.3 9.302 9.304 9.306 9.308 9.31 9.312 9.314 9.316 9.318 9.32 9.322 9.324 9.326 9.328 9.33 9.332 9.334 9.336 9.338 9.34 9.344 9.35 9.356 9.358 9.36 9.364 9.37 9.372 9.376 9.378 9.382 9.388 9.4 9.402 9.404 9.406 9.408 9.41 9.412 9.414 9.416 9.418 9.42 9.422 9.424 9.426 9.428 9.43 9.432 9.434 9.436 9.438 9.44 9.442 9.444 9.446 9.448 9.45 9.452 9.454 9.456 9.462 9.466 9.468 9.474 9.48 9.482 9.484 9.486 9.49 9.5 9.502 9.504 9.506 9.508 9.51 9.512 9.514 9.516 9.518 9.52 9.522 9.524 9.526 9.528 9.53 9.532 9.534 9.536 9.538 9.54 9.544 9.546 9.548 9.55 9.552 9.554 9.556 9.558 9.56 9.566 9.572 9.578 9.584 9.586 9.588 9.59 9.592 9.596 9.598 9.6 9.602 9.604 9.606 9.608 9.61 9.612 9.614 9.616 9.618 9.62 9.622 9.624 9.626 9.628 9.63 9.632 9.634 9.636 9.638 9.64 9.642 9.644 9.646 9.65 9.652 9.656 9.658 9.66 9.662 9.668 9.674 9.68 9.686 9.688 9.69 9.692 9.694 9.698 9.7 9.702 9.704 9.706 9.708 9.71 9.712 9.714 9.716 9.718 9.72 9.722 9.724 9.726 9.728 9.73 9.732 9.734 9.736 9.742 9.748 9.754 9.756 9.76 9.764 9.766 9.772 9.774 9.78 9.786 9.792 9.798 9.8 9.802 9.804 9.806 9.808 9.81 9.812 9.814 9.816 9.818 9.82 9.822 9.824 9.826 9.828 9.83 9.832 9.834 9.836 9.838 9.84 9.842 9.844 9.846 9.848 9.852 9.854 9.858 9.864 9.868 9.87 9.872 9.874 9.876 9.882 9.888 9.894 9.9 9.902 9.904 9.906 9.908 9.91 9.912 9.914 9.916 9.918 9.92 9.922 9.924 9.926 9.928 9.93 9.932 9.934 9.936 9.938 9.94 9.942 9.944 9.946 9.948 9.95 9.952 9.954 9.956 9.958 9.96 9.962 9.968 9.97 9.972","1096 1084 1084 1084 1084 1084 1084 1084 1084 1084 1084 1084 1084 1084 1084 1084 1084 1084 1084 1084 1084 1084 1084 1084 1084 1084 1084 1084 1084 1084 1084 1096 1084 1084 1084 1084 1084 1084 1084 1084 1084 1084 1084 1084 1084 1084 1096 1084 1084 1084 1084 1084 1084 1084 1084 1084 1084 1084 1084 1084 1084 1084 1096 1084 1084 1084 1084 1084 1084 1084 1084 1084 1084 1084 1084 1084 1084 1084 1084 1084 1084 1084 1084 1084 1084 1084 1084 1084 1084 1084 1084 1084 1084 1084 1084 1084 1096 1084 1084 1084 1084 1084 1084 1084 1084 1084 1084 1084 1084 1084 1084 1084 1084 1084 1084 1084 1096 1096 1084 1084 1084 1084 1084 1084 1084 1084 1084 1084 1084 1084 1084 1084 1084 1084 1084 1084 1096 1084 1084 1084 1084 1084 1084 1084 1084 1084 1084 1084 1084 1084 1084 1096 1084 1084 1084 1084 1084 1084 1084 1084 1084 1084 1084 1084 1084 1084 1084 1084 1084 1084 1084 1084 1084 1084 1096 1084 1084 1084 1084 1084 1084 1084 1084 1084 1084 1084 1084 1084 1084 1084 1084 1084 1084 1084 1084 1084 1084 1084 1096 1096 1096 1084 1084 1084 1084 1084 1084 1084 1084 1084 1084 1084 1096 1084 1084 1084 1084 1084 1084 1084 1084 1084 1084 1084 1084 1084 1084 1096 1084 1084 1084 1084 1084 1084 1084 1084 1084 1084 1084 1084 1084 1084 1084 1084 1084 1084 1084 1084 1084 1084 1084 1084 1096 1084 1084 1084 1084 1084 1084 1084 1084 1084 1084 1084 1084 1084 1084 1084 1084 1084 1084 1084 1084 1084 1084 1084 1084 1084 1084 1084 1084 1084 1084 1084 1084 1096 1084 1084 1084 1084 1084 1084 1084 1084 1084 1084 1084 1084 1084 1084 1084 1084 1084 1084 1084 1084 1084 1096 1084 1084 1084 1084 1084 1084 1084 1096 1096 1096 1084 1084 1084 1096 1084 1084 1084 1084 1084 1084 1084 1084 1084 1084 1084 1084 1084 1084 1096 1084 1084 1084 1084 1084 1084 1084 1084 1084 1084 1084 1084 1084 1084 1084 1084 1084 1084 1084 1084 1096 1084 1084 1084 1084 1084 1084 1084 1084 1084 1084 1084 1084 1084 1084 1096 1084 1084 1084 1084 1084 1084 1084 1084 1084 1084 1084 1084 1084 1084 1084 1084 1084 1096 1084 1084 1084 1084 1084 1084 1084 1084 1084 1084 1084 1084 1084 1084 1084 1096 1096 1096 1084 1084 1084 1084 1084 1084 1084 1084 1084 1084 1096 1084 1084 1084 1084 1084 1084 1084 1084 1084 1084 1084 1084 1084 1084 1084 1084 1084 1084 1084 1084 1084 1084 1084 1084 1084 1084 1084 1084 1084 1084 1084 1084 1084 1084 1096 1084 1084 1084 1084 1084 1084 1084 1084 1084 1084 1084 1084 1084 1084 1096 1084 1084 1084 1084 1084 1084 1084 1084 1084 1084 1084 1084 1084 1084 1084 1084 1084 1084 1096 1084 1084 1084 1084 1084 1084 1084 1084 1084 1084 1084 1084 1084 1084 1096 1084 1084 1084 1084 1084 1084 1084 1084 1084 1084 1084 1084 1084 1084 1084 1084 1084 1084 1084 1084 1084 1096 1084 1084 1084 1084 1084 1084 1084 1084 1084 1084 1084 1084 1084 1084 1084 1084 1084 1084 1084 1084 1084 1084 1084 1084 1084 1084 1084 1084 1084 1084 1084 1084 1084 1084 1084 1096 1084 1084 1084 1084 1084 1084 1084 1084 1084 1084 1084 1084 1084 1084 1084 1084 1084 1084 1084 1084 1084 1096 1096 1096 1084 1084 1096 1084 1084 1084 1084 1084 1084 1084 1084 1084 1084 1084 1084 1084 1084 1096 1084 1096 1084 1096 1084 1084 1084 1084 1096 1084 1096 1084 1096 1084 1096 1084 1084 1084 1084 1084 1084 1084 1084 1096 1084 1084 1084 1084 1084 1084 1084 1084 1084 1084 1084 1084 1084 1084 1096 1084 1096 1084 1084 1084 1084 1084 1084 1084 1084 1084 1084 1084 1084 1084 1084 1084 1084 1096 1084 1084 1084 1084 1084 1084 1084 1084 1084 1084 1084 1084 1084 1084 1084 1084 1084 1084 1084 1084 1084 1084 1084 1084 1084 1084 1084 1084 1084 1084 1084 1084 1084 1084 1084 1084 1084 1096 1084 1084 1084 1084 1084 1084 1084 1084 1084 1084 1084 1084 1084 1084 1084 1084 1084 1084 1084 1084 1084 1096 1084 1084 1084 1084 1084 1084 1096 1084 1084 1084 1084 1084 1084 1084 1084 1084 1084 1084 1084 1084 1084 1096 1096 1084 1084 1084 1084 1084 1084 1084 1084 1084 1084 1084 1084 1084 1084 1084 1084 1084 1084 1096 1084 1084 1084 1084 1084 1084 1084 1084 1084 1084 1084 1084 1084 1084 1084 1084 1084 1084 1084 1084 1084 1096 1084 1084 1084 1084 1084 1084 1084 1084 1084 1084 1084 1096 1084 1084 1084 1084 1084 1084 1084 1084 1084 1084 1084 1084 1084 1084 1084 1084 1084 1084 1084 1084 1084 1096 1084 1084 1084 1084 1084 1084 1084 1084 1084 1084 1084 1084 1084 1084 1084 1084 1096 1084 1084 1084 1084 1084 1084 1084 1084 1084 1084 1084 1084 1084 1084 1084 1084 1084 1084 1084 1084 1084 1084 1084 1084 1084 1084 1084 1084 1084 1084 1084 1084 1096 1084 1084 1084 1084 1084 1084 1084 1084 1084 1084 1084 1084 1084 1084 1096 1084 1084 1084 1084 1084 1084 1084 1084 1084 1084 1084 1084 1084 1096 1084 1084 1084 1084 1084 1084 1084 1084 1084 1084 1084 1084 1084 1084 1084 1084 1084 1084 1084 1084 1084 1084 1084 1084 1084 1084 1084 1096 1084 1084 1084 1084 1084 1084 1084 1084 1084 1084 1084 1084 1084 1084 1096 1084 1084 1084 1084 1084 1084 1084 1084 1084 1084 1084 1084 1084 1084 1084 1084 1084 1084 1084 1084 1084 1084 1084 1084 1096 1084 1084 1084 1084 1084 1084 1084 1084 1084 1084 1084 1084 1084 1084 1084 1084 1084 1084 1084 1084 1084 1084 1084 1084 1084 1084 1084 1084 1084 1084 1084 1084 1084 1084 1084 1096 1084 1084 1084 1084 1084 1084 1084 1084 1084 1084 1084 1084 1084 1084 1096 1096 1084 1084 1084 1084 1084 1084 1084 1084 1084 1084 1084 1084 1084 1084 1084 1084 1084 1084 1084 1084 1096 1084 1084 1084 1084 1084 1084 1084 1084 1084 1084 1084 1084 1084 1084 1084 1084 1084 1084 1084 1084 1084 1084 1084 1084 1084 1096 1096 1096 1084 1084 1084 1084 1084 1096 1084 1084 1084 1084 1084 1084 1084 1084 1084 1084 1084 1084 1084 1084 1084 1084 1084 1084 1084 1084 1084 1084 1084 1084 1084 1084 1084 1084 1084 1084 1084 1084 1084 1096 1084 1084 1084 1084 1084 1084 1084 1084 1084 1084 1084 1084 1084 1084 1096 1096 1084 1084 1084 1084 1084 1084 1084 1084 1084 1084 1084 1084 1084 1084 1084 1084 1084 1096 1084 1084 1084 1084 1084 1084 1084 1084 1084 1084 1084 1084 1084 1084 1096 1084 1084 1084 1084 1084 1084 1084 1084 1084 1084 1084 1084 1084 1084 1084 1084 1084 1096 1084 1084 1084 1084 1084 1084 1084 1084 1084 1084 1084 1084 1084 1084 1096 1084 1084 1084 1084 1096 1084 1084 1096 1084 1084 1084 1084 1084 1084 1084 1084 1084 1084 1096 1084 1084 1084 1084 1084 1084 1084 1084 1084 1084 1084 1084 1084 1084 1084 1084 1084 1084 1084 1096 1084 1084 1084 1084 1084 1084 1084 1084 1084 1084 1084 1084 1084 1084 1084 1096 1084 1084 1084 1084 1084 1084 1084 1084 1084 1084 1084 1084 1084 1084 1084 1084 1084 1084 1084 1084 1084 1084 1084 1084 1084 1084 1084 1096 1084 1084 1084 1084 1084 1084 1084 1084 1084 1084 1084 1084 1096 1084 1084 1084 1084 1084 1084 1084 1084 1084 1084 1084 1084 1084 1084 1084 1084 1084 1084 1084 1084 1084 1096 1096 1084 1084 1084 1084 1084 1084 1084 1096 1084 1084 1084 1084 1084 1084 1084 1084 1084 1084 1084 1084 1084 1084 1084 1084 1084 1084 1084 1084 1084 1084 1084 1084 1084 1084 1084 1084 1084 1096 1084 1084 1084 1084 1084 1084 1084 1084 1084 1084 1084 1084 1084 1084 1084 1084 1084 1084 1084 1084 1084 1084 1084 1084 1084 1084 1084 1096 1084 1084 1084 1084 1084 1084 1084 1084 1084 1084 1084 1084 1084 1084 1084 1084 1084 1084 1084 1084 1084 1084 1084 1084 1084 1084 1084 1084 1084 1084 1084 1084 1084 1096 1084 1084 1084 1084 1084 1084 1084 1084 1084 1084 1084 1084 1084 1084 1084 1084 1084 1084 1084 1084 1084 1084 1084 1084 1084 1084 1084 1084 1084 1096 1084 1084 1084 1084 1084 1084 1084 1084 1084 1084 1084 1084 1084 1084 1084 1084 1084 1084 1084 1096 1084 1096 1096 1084 1084 1084 1084 1084 1084 1084 1084 1096 1084 1084 1084 1084 1084 1084 1084 1084 1084 1084 1084 1084 1084 1084 1084 1084 1084 1084 1084 1084 1084 1084 1084 1084 1084 1084 1084 1084 1084 1084 1084 1084 1084 1096 1084 1084 1084 1084 1084 1084 1084 1084 1084 1084 1084 1084 1084 1084 1084 1084 1084 1084 1084 1084 1084 1084 1084 1084 1084 1084 1084 1084 1084 1084 1084 1084 1084 1084 1084 1096 1084 1084 1084 1084 1084 1084 1084 1084 1084 1084 1084 1084 1084 1084 1096 1096 1084 1084 1084 1084 1084 1084 1084 1084 1084 1084 1084 1084 1084 1084 1084 1084 1084 1096 1084 1084 1084 1084 1084 1084 1084 1084 1084 1084 1084 1084 1084 1084 1084 1084 1084 1084 1084 1084 1084 1084 1084 1084 1084 1084 1084 1084 1084 1084 1084 1084 1084 1084 1096 1084 1084 1084 1084 1084 1084 1084 1084 1084 1084 1084 1084 1084 1084 1084 1084 1084 1084 1084 1084 1084 1084 1084 1084 1084 1096 1084 1084 1084 1084 1096 1084 1084 1084 1084 1096 1084 1084 1084 1084 1084 1084 1084 1084 1084 1084 1084 1084 1084 1084 1084 1084 1084 1084 1084 1084 1096 1084 1084 1084 1084 1084 1084 1084 1084 1084 1084 1084 1084 1084 1096 1084 1084 1084 1084 1084 1084 1084 1084 1084 1084 1084 1084 1084 1084 1096 1084 1084 1084 1096 1084 1084 1084 1084 1084 1084 1084 1084 1084 1084 1084 1084 1084 1084 1084 1096 1084 1084 1084 1084 1084 1084 1084 1084 1084 1084 1084 1084 1084 1084 1096 1084 1084 1084 1084 1084 1084 1084 1084 1084 1084 1084 1084 1084 1084 1084 1084 1084 1084 1084 1084 1096 1084 1084 1084 1084 1084 1084 1084 1084 1084 1084 1084 1084 1084 1084 1084 1084 1084 1084 1084 1084 1084 1084 1084 1084 1084 1084 1084 1084 1084 1096 1084 1084 1096 1096 1096 1096 1084 1084 1084 1084 1084 1084 1084 1084 1084 1084 1084 1084 1084 1084 1084 1084 1084 1084 1084 1084 1084 1084 1084 1084 1096 1096 1084 1084 1084 1084 1084 1084 1084 1084 1084 1096 1084 1084 1084 1084 1084 1084 1084 1084 1084 1084 1084 1084 1084 1084 1096 1084 1096 1084 1084 1096 1084 1084 1084 1084 1084 1084 1084 1084 1084 1084 1084 1084 1084 1084 1096 1084 1084 1084 1084 1084 1084 1084 1084 1084 1084 1084 1084 1084 1084 1096 1084 1084 1084 1084 1084 1084 1084 1084 1084 1084 1084 1084 1084 1084 1084 1084 1084 1084 1084 1084 1096 1084 1084 1084 1084 1084 1084 1084 1084 1084 1084 1084 1084 1084 1084 1084 1084 1084 1084 1084 1084 1084 1084 1084 1084 1084 1084 1084 1084 1084 1084 1084 1084 1084 1084 1096 1084 1084 1084 1084 1084 1084 1084 1084 1084 1084 1084 1084 1084 1084 1084 1084 1084 1096 1084 1084 1096 1096 1096 1084 1096 1096 1084 1084 1084 1084 1084 1084 1084 1084 1084 1084 1084 1096 1084 1084 1084 1084 1084 1084 1084 1084 1084 1084 1084 1084 1084 1084 1096 1096 1084 1084 1084 1084 1084 1084 1084 1084 1084 1084 1084 1084 1084 1084 1084 1096 1084 1084 1084 1084 1084 1084 1084 1084 1084 1084 1084 1084 1084 1084 1084 1084 1084 1084 1084 1084 1084 1084 1084 1084 1084 1084 1084 1084 1084 1084 1084 1084 1084 1084 1084 1096 1084 1084 1084 1084 1084 1084 1084 1084 1084 1084 1084 1084 1084 1084 1084 1084 1084 1084 1084 1084 1084 1084 1084 1084 1084 1084 1084 1084 1084 1084 1084 1084 1084 1084 1096 1084 1084 1084 1084 1084 1084 1084 1084 1084 1084 1084 1084 1084 1084 1084 1084 1084 1084 1084 1084 1096 1096 1096 1084 1084 1084 1084 1084 1084 1084 1084 1084 1084 1084 1096 1084 1084 1084 1084 1084 1084 1084 1084 1084 1084 1084 1084 1084 1084 1084 1084 1084 1084 1084 1084 1084 1084 1084 1084 1084 1084 1084 1084 1084 1084 1084 1084 1096 1084 1084 1084 1084 1084 1084 1084 1084 1084 1084 1084 1084 1084 1084 1096 1084 1084 1084 1084 1084 1084 1084 1084 1084 1084 1084 1084 1084 1084 1084 1084 1084 1084 1084 1084 1096 1084 1084 1084 1084 1084 1084 1084 1084 1084 1084 1084 1084 1084 1084 1084 1084 1084 1084 1084 1084 1084 1084 1096 1084 1084 1084 1084 1084 1084 1084 1084 1084 1084 1084 1084 1096 1084 1084 1084 1084 1084 1084 1084 1084 1084 1084 1084 1084 1084 1084 1084 1084 1084 1084 1084 1084 1084 1084 1084 1084 1084 1084 1084 1084 1084 1084 1084 1096 1084 1084 1084 1084 1084 1084 1084 1084 1084 1084 1084 1084 1084 1084 1096 1084 1084 1084 1084 1084 1084 1084 1084 1084 1084 1084 1084 1084 1084 1096 1084 1084 1084 1084 1084 1084 1084 1084 1084 1084 1084 1084 1084 1084 1084 1084 1084 1084 1084 1084 1084 1084 1084 1084 1084 1084 1084 1084 1084 1084 1084 1084 1084 1084 1084 1096 1084 1084 1084 1084 1084 1084 1084 1084 1084 1084 1084 1084 1084 1084 1084 1084 1084 1084 1084 1084 1084 1084 1084 1084 1084 1084 1084 1084 1084 1084 1096 1084 1084 1084 1084 1084 1084 1084 1084 1084 1084 1084 1084 1084 1084 1096 1084 1084 1084 1084 1084 1084 1084 1084 1084 1084 1084 1084 1084 1084 1084 1084 1084 1084 1096 1084 1084 1084 1084 1084 1084 1084 1084 1084 1084 1084 1084 1084 1084 1084 1084 1084 1084 1096 1096 1084 1084 1096 1084 1084 1096 1096 1084 1096 1084 1084 1084 1084 1084 1084 1084 1084 1084 1084 1084 1096 1084 1084 1084 1084 1084 1084 1084 1084 1084 1084 1084 1084 1084 1084 1084 1084 1084 1084 1084 1096 1096 1096 1084 1084 1084 1084 1084 1096 1084 1084 1084 1084 1084 1084 1084 1084 1084 1084 1084 1084 1084 1084 1084 1084 1084 1084 1096 1084 1084 1084 1084 1084 1084 1084 1084 1084 1084 1084 1084 1084 1096 1084 1084 1084 1084 1084 1084 1084 1084 1084 1084 1084 1084 1084 1084 1084 1084 1084 1084 1084 1084 1084 1084 1084 1084 1084 1084 1084 1084 1096 1096 1096 1096 1096 1084 1096 1084 1084 1084 1084 1084 1084 1084 1084 1084 1084 1084 1084 1084 1084 1084 1084 1084 1084 1084 1084 1084 1084 1084 1084 1084 1084 1084 1084 1084 1084 1084 1096 1084 1084 1084 1084 1084 1084 1084 1084 1084 1084 1084 1084 1084 1084 1084 1084 1084 1084 1084 1084 1084 1084 1084 1084 1096 1084 1084 1084 1084 1084 1084 1084 1084 1084 1084 1084 1084 1084 1084 1084 1084 1084 1084 1084 1084 1084 1084 1084 1084 1084 1084 1084 1084 1084 1084 1084 1084 1096 1084 1084 1084 1084 1084 1084 1084 1084 1084 1084 1084 1084 1084 1084 1096 1084 1084 1084 1084 1084 1084 1084 1084 1084 1084 1084 1084 1084 1084 1084 1084 1084 1084 1084 1084 1084 1084 1084 1084 1096 1084 1084 1084 1084 1084 1084 1084 1084 1084 1084 1084 1084 1084 1084 1084 1084 1084 1084 1084 1096 1084 1084 1096 1084 1096 1096 1084 1084 1084 1084 1084 1084 1096 1084 1084 1084 1084 1084 1084 1084 1084 1084 1084 1084 1084 1084 1084 1096 1084 1084 1084 1084 1084 1084 1084 1084 1084 1084 1084 1084 1084 1084 1096 1096 1096 1096 1084 1096 1084 1084 1084 1084 1084 1084 1084 1084 1084 1084 1084 1084 1084 1084 1084 1084 1084 1084 1084 1084 1084 1096 1096 1096 1084 1084 1084 1084 1084 1084 1084 1084 1084 1084 1084 1084 1084 1096 1084 1084 1084 1084 1084 1084 1084 1084 1084 1084 1084 1084 1084 1084 1084 1084 1084 1084 1084 1084 1084 1084 1084 1084 1084 1096 1096 1084 1084 1084 1084 1084 1084 1084 1096 1084 1084 1084 1084 1084 1084 1084 1084 1084 1084 1084 1084 1084 1084 1096 1084 1084 1084 1084 1084 1084 1084 1084 1084 1084 1084 1084 1084 1084 1084 1084 1084 1084 1096 1084 1084 1084 1084 1084 1084 1084 1084 1084 1084 1084 1084 1084 1084 1084 1084 1084 1084 1084 1084 1084 1084 1084 1084 1084 1084 1084 1084 1084 1084 1084 1084 1084 1084 1084 1084 1084 1096 1084 1084 1084 1084 1084 1084 1084 1084 1084 1084 1084 1084 1084 1084 1084 1084 1084 1084 1084 1084 1084 1084 1084 1084 1084 1084 1084 1084 1084 1084 1084 1084 1084 1084 1084 1084 1096 1084 1084 1084 1084 1084 1084 1084 1084 1084 1084 1084 1084 1084 1084 1096 1084 1084 1084 1084 1084 1084 1084 1084 1084 1084 1084 1084 1084 1084 1084 1084 1084 1084 1084 1084 1096 1084 1084 1084 1084 1084 1084 1084 1084 1084 1084 1084 1084 1084 1084 1084 1084 1084 1084 1084 1084 1084 1084 1084 1084 1084 1084 1084 1084 1084 1084 1084 1096 1084 1084 1084 1084 1084 1084 1084 1084 1084 1084 1084 1084 1084 1084 1084 1084 1084 1084 1084 1084 1084 1084 1084 1096 1096 1096 1084 1096 1084 1084 1084 1084 1084 1084 1084 1084 1084 1084 1084 1084 1084 1084 1084 1084 1084 1084 1084 1084 1084 1084 1084 1084 1084 1084 1084 1084 1084 1084 1084 1084 1096 1084 1084 1084 1084 1084 1084 1084 1084 1084 1084 1084 1084 1084 1084 1084 1084 1084 1084 1084 1084 1096 1084 1084 1096 1096 1096 1096 1084 1084 1084 1084 1084 1084 1084 1084 1084 1084 1084 1084 1084 1084 1084 1084 1084 1084 1084 1084 1084 1084 1084 1084 1084 1084 1084 1084 1084 1084 1084 1084 1084 1084 1096 1084 1084 1084 1084 1084 1084 1084 1084 1084 1084 1084 1084 1084 1084 1096 1084 1084 1096 1084 1084 1084 1084 1084 1084 1084 1084 1084 1084 1084 1084 1084 1084 1084 1084 1096 1084 1084 1084 1084 1084 1084 1084 1084 1084 1084 1084 1084 1084 1084 1084 1084 1084 1084 1084 1084 1084 1084 1084 1084 1084 1084 1084 1084 1084 1084 1084 1084 1096 1084 1084 1084 1084 1084 1084 1084 1084 1084 1084 1084 1084 1084 1084 1084 1084 1084 1084 1096 1096 1096 1084 1084 1084 1084 1084 1084 1084 1084 1084 1084 1084 1084 1096 1084 1084 1084 1084 1084 1084 1084 1084 1084 1084 1084 1084 1084 1084 1084 1084 1084 1084 1084 1084 1084 1084 1084 1084 1084 1084 1084 1096 1096 1084 1084 1084 1096 1084 1084 1084 1084 1084 1084 1084 1084 1084 1084 1084 1084 1084 1084 1084 1084 1084 1084 1084 1084 1084 1084 1084 1084 1084 1084 1084 1084 1084 1084 1084 1084 1084 1084 1084 1084 1084 1096 1084 1084 1084 1084 1084 1084 1084 1084 1084 1084 1084 1084 1084 1084 1096 1084 1084 1084 1084 1084 1084 1084 1084 1084 1084 1084 1084 1084 1084 1084 1084 1084 1084 1084 1084 1084 1084 1084 1084 1096 1084 1084 1084 1084 1084 1084 1084 1084 1084 1084 1084 1084 1084 1084 1084 1084 1084 1084 1084 1084 1084 1084 1084 1084 1084 1084 1084 1084 1084 1084 1084 1084 1084 1084 1084 1084 1084 1084 1096 1084 1084 1084 1084 1084 1084 1084 1084 1084 1084 1084 1084 1084 1084 1084 1084 1084 1084 1084 1084 1084 1084 1084 1084 1084 1084 1084 1084 1084 1084 1084 1096 1084 1084 1084 1084 1084 1084 1084 1084 1084 1084 1084 1084 1084 1084 1096 1084 1084 1084 1084 1084 1084 1084 1084 1084 1084 1084 1084 1084 1084 1084 1084 1084 1084 1084 1084 1084 1096 1084 1084 1084 1084 1084 1084 1084 1084 1084 1084 1084 1084 1084 1084 1084 1084 1084 1084 1084 1084 1084 1084 1084 1084 1084 1084 1084 1096 1096 1084 1084 1084 1084 1084"
General-0-20221124-13:43:39-4463,attr,multiLink.sender.lo[0].lo,passedUpPk:vector(packetBytes),interpolationmode,none,,
General-0-20221124-13:43:39-4463,attr,multiLink.sender.lo[0].lo,passedUpPk:vector(packetBytes),recordingmode,vector(packetBytes),,
General-0-20221124-13:43:39-4463,attr,multiLink.sender.lo[0].lo,passedUpPk:vector(packetBytes),source,packetSentToUpper,,
General-0-20221124-13:43:39-4463,attr,multiLink.sender.lo[0].lo,passedUpPk:vector(packetBytes),title,"packets passed to higher layer, packetBytes",,
General-0-20221124-13:43:39-4463,vector,multiLink.receivers[0].rtps,sampleLatencies,,,"0.050499913136 0.144509909779 0.244501413136 0.338432569732 0.446386413136 0.546516313136 0.648494613136 0.736497413136 0.846479713136 0.952367813136 1.048557813136 1.130339713136 1.244542713136 1.342365913136 1.438568313136 1.548529809779 1.632573276446 1.762568768692 1.848400013136 1.942468613136 2.042431913136 2.138497213136 2.242381113136 2.342442013136 2.436491413136 2.542414113136 2.638560913136 2.746590213136 2.850550413136 2.950444713136 3.042358513136 3.142567313136 3.250509713136 3.340598576446 3.428408913136 3.542476813136 3.658452113136 3.738382013136 3.842345313136 3.948350813136 4.036362913136 4.130352013136 4.238564913136 4.344600943113 4.444418213136 4.538528713136 4.634498213136 4.746336013136 4.850387413136 4.936366013136 5.044437513136 5.168341613136 5.248453513136 5.346470176446 5.452514313136 5.538584413136 5.634364909779 5.748506213136 5.842420513136 5.960448213136 6.040365813136 6.132552209779 6.260356813136 6.348550913136 6.446581576446 6.544450013136 6.644570713136 6.730405313136 6.834514113136 6.936441813136 7.042586813136 7.136437213136 7.234359513136 7.334598876446 7.436575813136 7.538552213136 7.646584213136 7.742522913136 7.846560713136 7.944473913136 8.038469313136 8.152346713136 8.252512413136 8.358443213136 8.450524209779 8.548386513136 8.632498213136 8.730400513136 8.830556213136 8.946425213136 9.044494313136 9.134427513136 9.236587276446 9.338603906422 9.450415113136 9.556425913136 9.638503613136 9.730383613136 9.834445113136 9.952580276446","0.050017344444 0.042103696643 0.044064744444 0.03786780104 0.0399854 0.046002944444 0.0401371 0.035939344444 0.046007544444 0.0499012 0.0459973 0.029864644444 0.044024244444 0.0378291 0.036124 0.047898844444 0.032095807754 0.060076355556 0.0438564 0.041925444444 0.041911744444 0.0320009 0.041858044444 0.042086244444 0.036020044444 0.0399172 0.038226044444 0.0441567 0.050089344444 0.048098 0.041889544444 0.042076847801 0.0420321 0.03813816331 0.028054944444 0.042097944444 0.058046244444 0.037903244444 0.041900144444 0.047865244444 0.035792244444 0.029962844444 0.038190444444 0.044098274421 0.043937044444 0.0360453 0.033972944444 0.045783644444 0.050031544444 0.031934 0.0418931 0.067880744444 0.048091144444 0.04392416331 0.0501764 0.038132944444 0.033809141087 0.0399576 0.042030644444 0.059908244444 0.039796044444 0.031988441087 0.0577976 0.048210244444 0.046112307754 0.041923614468 0.044175244444 0.029936644444 0.0321603 0.035958344444 0.042011944444 0.035900644444 0.033918644444 0.034051411111 0.036210944444 0.038067744444 0.0442448 0.041992044444 0.043988714468 0.043926244444 0.038033444444 0.0500043 0.051973744444 0.057948744444 0.047934896643 0.047862444444 0.032148544444 0.030018644444 0.030189544444 0.045898544444 0.0399676 0.033896244444 0.036246907754 0.03816113773 0.049964344444 0.0539021 0.037918044444 0.029835244444 0.0298876 0.052012507754"
General-0-20221124-13:43:39-4463,vector,multiLink.receivers[1].rtps,sampleLatencies,,,"0.058433713136 0.150362913136 0.264360013136 0.386447813136 0.452532013136 0.558385613136 0.676535476446 0.738435213136 0.864472313136 0.956542113136 1.056354413136 1.146599809779 1.262449513136 1.352402113136 1.462459013136 1.570479413136 1.648338413136 1.798469413136 1.868361713136 1.994455813136 2.050512013136 2.150378513136 2.252404813136 2.390372713136 2.454444113136 2.556379413136 2.644584513136 2.780555776446 2.864483539755 2.954399313136 3.056360213136 3.146543713136 3.260609476446 3.352366613136 3.466534713136 3.552549313136 3.696575813136 3.740482013136 3.858396413136 3.958576913136 4.062488813136 4.158577613136 4.250337568692 4.348338613136 4.448512013136 4.556574013136 4.670496213136 4.754367213136 4.870389913136 4.966490113136 5.066581413136 5.194595568692 5.274408713136 5.354520713136 5.460477443113 5.544380813136 5.682423113136 5.762485013136 5.864525913136 5.964365513136 6.072509713136 6.170437713136 6.280347813136 6.372538843112 6.460412513136 6.578371313136 6.650527273089 6.760586613136 6.866379013136 6.970346313136 7.058505913136 7.160409413136 7.264591609779 7.376493113136 7.440455213136 7.568406813136 7.660497613136 7.764367868692 7.862537713136 7.976550576446 8.062404413136 8.156399713136 8.372485513136 8.476390513136 8.574497713136 8.646354113136 8.762333613136 8.840534513136 8.988600409779 9.052466913136 9.150436913136 9.260497013136 9.370499713136 9.454500713136 9.592475313136 9.754443713136 9.848570413136 9.970581813136","0.057951144444 0.049913644444 0.063923344444 0.0779638 0.052182344444 0.0560102 0.076035607754 0.037877144444 0.0621173 0.056040744444 0.055971244444 0.044213696643 0.061931044444 0.052028744444 0.062118344444 0.069848447801 0.047860944444 0.097963344444 0.067774644444 0.093912644444 0.0441431 0.049915144444 0.0500255 0.0838546 0.053972744444 0.0538825 0.044249644444 0.080159907754 0.064022471063 0.0520526 0.055891244444 0.046053247801 0.05813516331 0.052030044444 0.0640486 0.0500836 0.0920044 0.040003244444 0.057951244444 0.058091344444 0.061918144444 0.058188444444 0.047762403357 0.047835944444 0.048030844444 0.056002344444 0.069970944444 0.053814844444 0.0660084 0.0639983 0.066210344444 0.088185355556 0.0718927 0.054137644444 0.060051174421 0.043929344444 0.079880047801 0.0600204 0.064136044444 0.063825544444 0.0681287 0.069873944444 0.080004044444 0.065989029976 0.059943244444 0.071756003357 0.050131804397 0.060117944444 0.065790144444 0.067773814468 0.055976047801 0.0578235 0.064150741087 0.075945647801 0.040090344444 0.067922344444 0.059965044444 0.061885555556 0.062145744444 0.07406736331 0.061968544444 0.0540573 0.071991044444 0.075920944444 0.073973644444 0.046004444444 0.061951744444 0.040167844444 0.088073741087 0.052037744444 0.049905644444 0.0581291 0.070056944444 0.054049944444 0.091903644444 0.053895344444 0.0460063 0.0681869"
General-0-20221124-13:43:39-4463,vector,multiLink.receivers[2].rtps,sampleLatencies,,,"0.062483713136 0.162481013136 0.396561413136 0.478474713136 0.798397913136 0.884589732002 0.980565813136 1.060343813136 1.174515413136 1.288485313136 1.382542313136 1.572337213136 1.670440913136 1.884521176446 1.978359613136 2.058556713136 2.190466413136 2.490618009779 2.564391913136 2.628464313136 2.792585813136 2.864483539755 3.098361113136 3.170567213136 3.264462913136 3.358522413136 3.486561913136 3.590388213136 3.756364813136 3.860413813136 3.966533213136 4.078401413136 4.166457013136 4.282423813136 4.384386313136 4.486432113136 4.592434113136 4.890431813136 5.070389513136 5.284406713136 5.388522413136 5.482472113136 5.676336313136 5.772372513136 5.880473913136 6.096473013136 6.294517913136 6.464347513136 6.534359028645 6.684348813136 7.066527373089 7.138424168692 7.360519513136 7.450536713136 7.778392513136 7.876381213136 7.958444532002 8.068443913136 8.186391913136 8.378571313136 8.482342813136 8.578527313136 8.654530913136 8.854361368692 9.064429513136 9.288426113136 9.378550213136 9.484430813136 9.780367413136 9.872530013136 9.972340513136","0.062001144444 0.062031744444 0.095996644444 0.078125044444 0.097839844444 0.082234718866 0.080064444444 0.0577833 0.0721293 0.087966844444 0.082168944444 0.071706247801 0.0659658 0.083934107754 0.077816444444 0.058036544444 0.090003044444 0.090146641087 0.063840144444 0.028129444444 0.0901523 0.064022471063 0.0958974 0.070076747801 0.0619886 0.0539988 0.086207944444 0.090009344444 0.0539094 0.059968644444 0.066047644444 0.077830744444 0.066067844444 0.082049344444 0.083883644444 0.085950944444 0.091862444444 0.090075944444 0.070018444444 0.084044344444 0.088139344444 0.082045844444 0.075780544444 0.0699079 0.080084044444 0.0939976 0.094174144444 0.063878244444 0.033804759953 0.083953344444 0.065952504397 0.035838255556 0.059972047801 0.050171844444 0.077861644444 0.073809214468 0.05789686331 0.0660913 0.085791447801 0.078076844444 0.081873244444 0.078003244444 0.0521524 0.050027155556 0.064000344444 0.088085744444 0.076071 0.083980044444 0.079819044444 0.0699659 0.071772744444"
